celltype,regulon,mean_pos,mean_neg,log2_fc,ranksum_stat,pvalue,n_pos,n_neg,qvalue
Basal Cells,KLF6_regulon,0.18516886,0.20723674,-0.16243827,-5.63985679935205,1.7019164382321606e-08,561,1130,5.020653492784874e-07
Basal Cells,RELA_regulon,0.022026926,0.02625268,-0.25319654,-5.744094883329497,9.241396045379718e-09,561,1130,5.020653492784874e-07
Basal Cells,STAT3_regulon,0.09623839,0.104373544,-0.117071636,-5.333700397451777,9.623125143830635e-08,561,1130,1.8925479449533582e-06
Basal Cells,ATF4_regulon,0.18934141,0.20818746,-0.13689321,-5.1722397833558125,2.313044922474716e-07,561,1130,2.729393008520165e-06
Basal Cells,IRF7_regulon,0.020304672,0.016101537,0.33461332,5.175730251921268,2.2702126055715715e-07,561,1130,2.729393008520165e-06
Basal Cells,FOSL2_regulon,0.07308472,0.08254448,-0.17560203,-5.062078479994563,4.147102340425756e-07,561,1130,3.9362852499126594e-06
Basal Cells,NOTCH1_regulon,0.093424805,0.102653705,-0.13590816,-5.039390434319107,4.670168940574342e-07,561,1130,3.9362852499126594e-06
Basal Cells,MAFB_regulon,0.09449855,0.10630915,-0.16990168,-4.914897055484551,8.882912316121221e-07,561,1130,5.823242518346134e-06
Basal Cells,MEF2A_regulon,0.050264798,0.055415228,-0.14073405,-4.92108470430513,8.606586871164386e-07,561,1130,5.823242518346134e-06
Basal Cells,ATF6_regulon,0.068416126,0.07470505,-0.12686937,-4.791249850847681,1.6574557315534262e-06,561,1130,9.778988816165215e-06
Basal Cells,ATF3_regulon,0.19578737,0.22060084,-0.17215057,-4.714406656520318,2.424160993059327e-06,561,1130,1.3002318053681845e-05
Basal Cells,CEBPA_regulon,0.011213764,0.013777247,-0.29701707,-4.580711133285927,4.633975317309555e-06,561,1130,2.2783711976771978e-05
Basal Cells,GATA3_regulon,0.0035728023,0.0061244764,-0.7775304,-4.2895743233945804,1.7901589938023976e-05,561,1130,8.124567741103189e-05
Basal Cells,ASCL3_regulon,0.031975325,0.02835666,0.17327134,4.209557975825896,2.5587078131667207e-05,561,1130,0.00010783125784059751
Basal Cells,ELF3_regulon,0.11063514,0.11869142,-0.10140599,-4.112089285429937,3.920945952626133e-05,561,1130,0.00014458488200308866
Basal Cells,JUNB_regulon,0.16880102,0.18737239,-0.15058468,-4.112142171317292,3.9200476358567064e-05,561,1130,0.00014458488200308866
Basal Cells,CEBPD_regulon,0.14010131,0.1520588,-0.11815881,-3.7425227045905665,0.00018218206622749736,561,1130,0.000579211291945779
Basal Cells,KLF4_regulon,0.18646894,0.20704947,-0.15104015,-3.75495088811908,0.00017337547093515402,561,1130,0.000579211291945779
Basal Cells,NR4A1_regulon,0.16155104,0.18047543,-0.15981236,-3.7365994852067645,0.00018652567028762377,561,1130,0.000579211291945779
Basal Cells,EHF_regulon,0.12978233,0.13749604,-0.083296,-3.58772571230138,0.00033357493064992296,561,1130,0.000930057788376383
Basal Cells,FOS_regulon,0.115956,0.12927818,-0.15690139,-3.5775716219291476,0.000346801209225092,561,1130,0.000930057788376383
Basal Cells,JUN_regulon,0.13751689,0.1515921,-0.14058588,-3.5806390033957594,0.00034275493953761304,561,1130,0.000930057788376383
Basal Cells,PAX5_regulon,0.0018801014,0.0015611318,0.26821816,3.416639866706737,0.0006339908722901134,561,1130,0.0016263244115268126
Basal Cells,GATA2_regulon,0.010152219,0.00837797,0.27712235,3.3795668596706183,0.0007260014650586467,561,1130,0.0017847536016025066
Basal Cells,LEF1_regulon,0.0066593955,0.004906614,0.44066352,3.2257218133538283,0.001256554254507894,561,1130,0.00296546804063863
Basal Cells,HES1_regulon,0.17521648,0.19102667,-0.12463563,-3.0808673678874525,0.002063985654482058,561,1130,0.004599916355782095
Basal Cells,NR4A2_regulon,0.05825758,0.064378895,-0.14414205,-3.074997034391006,0.0021050464679002808,561,1130,0.004599916355782095
Basal Cells,IRF9_regulon,0.0035188575,0.0022546577,0.6421987,2.8287603428643733,0.004672867703724777,561,1130,0.009846399804277208
Basal Cells,TP63_regulon,0.18171053,0.18961109,-0.061401382,-2.7051660241148583,0.006827025901857065,561,1130,0.013889466489985064
Basal Cells,TCF7_regulon,0.0075398725,0.0057859803,0.38197866,2.6496358423917132,0.008057857141137636,561,1130,0.01584711904423735
Basal Cells,IRF1_regulon,0.0647549,0.06817839,-0.07432514,-2.5867545223261708,0.009688458708421095,561,1130,0.01813079015770057
Basal Cells,KLF15_regulon,0.0054751853,0.0046323943,0.24114977,2.5816245912526994,0.009833648899091834,561,1130,0.01813079015770057
Basal Cells,CEBPB_regulon,0.037022706,0.03866395,-0.06257867,-2.5483593681061674,0.010823091457354224,561,1130,0.019350375635875734
Basal Cells,MEF2C_regulon,0.0048018107,0.0039491146,0.28204927,2.524613604683603,0.011582556174599442,561,1130,0.02009914159709903
Basal Cells,BACH2_regulon,0.008369922,0.0062571024,0.4197194,2.4347075961794635,0.014903827937573371,561,1130,0.02512359566619511
Basal Cells,FOSL1_regulon,0.028555447,0.02693293,0.08439481,2.3988509645525182,0.016446607082448914,561,1130,0.02695416160734683
Basal Cells,EOMES_regulon,0.0059334836,0.0042742197,0.47321832,2.30492562860937,0.021170738985223817,561,1130,0.03375874594941095
Basal Cells,NKX2-1_regulon,0.018439582,0.01685736,0.12942736,2.286997312795897,0.022195979943540285,561,1130,0.03446217938602308
Basal Cells,EBF1_regulon,0.00541866,0.004054611,0.41837263,2.259866852582589,0.023829515723777336,561,1130,0.036049780197509304
Basal Cells,RELB_regulon,0.015187634,0.01772811,-0.22314161,-2.194394124036633,0.02820708797485691,561,1130,0.04160545476291394
Basal Cells,RUNX3_regulon,0.03473661,0.037155684,-0.0971259,-2.086189598507533,0.03696145206708334,561,1130,0.05318843102336383
Basal Cells,XBP1_regulon,0.07205648,0.07544376,-0.06627342,-2.0477944442875295,0.04058014496365181,561,1130,0.05700544173465373
Basal Cells,NFKB1_regulon,0.027713202,0.028995808,-0.065270975,-1.899608187917765,0.057484556912401584,561,1130,0.07887415948445799
Basal Cells,STAT2_regulon,0.02821653,0.026051817,0.11515655,1.8471453876612316,0.06472607190384133,561,1130,0.08679177823469633
Basal Cells,TBX21_regulon,0.0037519936,0.004017466,-0.09862853,1.3881487713039198,0.1650917479844537,561,1130,0.21645362513517263
Basal Cells,KLF5_regulon,0.08737944,0.09116686,-0.061215654,-1.3314551000589563,0.18303930954333958,561,1130,0.23476781006645728
Basal Cells,NR4A3_regulon,0.021033868,0.02315475,-0.13859405,-1.301891889027301,0.19295334556719923,561,1130,0.24221802954180327
Basal Cells,SOX2_regulon,0.038301438,0.0401112,-0.06660649,-1.274496999377216,0.2024873354021559,561,1130,0.24652865997067225
Basal Cells,HES6_regulon,0.008001689,0.007683862,0.05847289,1.2681506928945707,0.20474414133157526,561,1130,0.24652865997067225
Basal Cells,SPDEF_regulon,0.058394548,0.05990347,-0.03680589,-1.2233034604172115,0.22121510065611694,561,1130,0.261033818774218
Basal Cells,REL_regulon,0.04080589,0.041837677,-0.036025327,-1.1094401449410862,0.26724035213342456,561,1130,0.3091604073700402
Basal Cells,FOXJ1_regulon,0.036245894,0.03725524,-0.039625738,-1.0073703823452098,0.3137568186953492,561,1130,0.35599331351972313
Basal Cells,IRF8_regulon,0.010783845,0.009525151,0.17905775,0.9276713501006575,0.3535780742019671,561,1130,0.38793798027733545
Basal Cells,IRF3_regulon,0.022498593,0.023107126,-0.038503055,-0.9248155121834671,0.35506188025383245,561,1130,0.38793798027733545
Basal Cells,MYB_regulon,0.022897083,0.021024102,0.12311969,0.7888987816801498,0.430171167846368,561,1130,0.4614563436897402
Basal Cells,BACH1_regulon,0.037518527,0.03735328,0.0063682008,0.19551912555282658,0.8449865665758787,561,1130,0.8852754759179321
Basal Cells,NFKB2_regulon,0.029936673,0.03211516,-0.10134068,-0.1824034254886932,0.8552661377512225,561,1130,0.8852754759179321
Basal Cells,STAT1_regulon,0.089320056,0.088963784,0.005766047,0.0975215762833141,0.9223122004988957,561,1130,0.9382141349902561
Basal Cells,SPI1_regulon,0.032557465,0.03192711,0.028206399,-0.008303084314794096,0.9933751733388622,561,1130,0.9933751733388622
Ciliated Cells,IRF7_regulon,0.033236444,0.0140438685,1.2428256,41.216342284069505,0.0,3975,6084,0.0
Ciliated Cells,ATF6_regulon,0.06627726,0.07639564,-0.2049763,-22.72071948664054,2.7959086947131924e-114,3975,6084,8.247930649403918e-113
Ciliated Cells,RELB_regulon,0.010010493,0.0058196657,0.78250486,21.702293644243035,1.9518031148209087e-104,3975,6084,3.8385461258144538e-103
Ciliated Cells,NFKB2_regulon,0.017532803,0.011599471,0.5959977,20.135950611195135,3.5738926258774958e-90,3975,6084,5.271491623169306e-89
Ciliated Cells,JUNB_regulon,0.33040765,0.36041206,-0.12540019,-18.467937762012816,3.74104948001116e-76,3975,6084,4.4144383864131685e-75
Ciliated Cells,STAT1_regulon,0.108378254,0.095419176,0.18372412,14.454109777871905,2.3616345173569845e-47,3975,6084,2.3222739420677016e-46
Ciliated Cells,FOSL2_regulon,0.08057179,0.08743132,-0.1178753,-14.323406492328472,1.5627153326663594e-46,3975,6084,1.3119316562314114e-45
Ciliated Cells,JUN_regulon,0.41124552,0.44276288,-0.10653431,-14.312984221258567,1.8155237423175835e-46,3975,6084,1.3119316562314114e-45
Ciliated Cells,KLF6_regulon,0.12984289,0.14329153,-0.1421863,-14.3062104473725,2.0012516789970682e-46,3975,6084,1.3119316562314114e-45
Ciliated Cells,FOS_regulon,0.43469432,0.46593982,-0.100142404,-13.410003993313278,5.283598075236524e-41,3975,6084,3.117322864389549e-40
Ciliated Cells,STAT2_regulon,0.03299156,0.027530864,0.26104698,11.491157840628826,1.4613994990846257e-30,3975,6084,7.838415495090266e-30
Ciliated Cells,NOTCH1_regulon,0.084143996,0.088852644,-0.07855437,-11.406266195374467,3.8907442604033636e-30,3975,6084,1.9129492613649874e-29
Ciliated Cells,FOXJ1_regulon,0.446851,0.47439128,-0.08628369,-11.114885060321058,1.0618728687695161e-28,3975,6084,4.8192691736462655e-28
Ciliated Cells,MYB_regulon,0.46674109,0.49496716,-0.08471033,-10.380069299783669,3.055533087232649e-25,3975,6084,1.2876889439051878e-24
Ciliated Cells,STAT3_regulon,0.10642085,0.11362665,-0.09452044,-10.313887176180405,6.098367412687237e-25,3975,6084,2.3986911823236464e-24
Ciliated Cells,SPI1_regulon,0.017922014,0.015151757,0.24224766,10.151748523178151,3.2547889743455444e-24,3975,6084,1.2002034342899195e-23
Ciliated Cells,ATF3_regulon,0.11662662,0.12689944,-0.12178852,-10.054267982443466,8.797279004109037e-24,3975,6084,3.0531733014260776e-23
Ciliated Cells,SOX2_regulon,0.33391607,0.35233498,-0.077462144,-9.934317053374443,2.9519176874481867e-23,3975,6084,9.166481239970684e-23
Ciliated Cells,IRF3_regulon,0.043262564,0.047816943,-0.14440273,-9.93542319063422,2.9193369057311244e-23,3975,6084,9.166481239970684e-23
Ciliated Cells,EHF_regulon,0.14661562,0.15400805,-0.07096685,-9.710315479402341,2.7249239352488196e-22,3975,6084,8.038525608984018e-22
Ciliated Cells,KLF5_regulon,0.3209087,0.33609682,-0.066714026,-9.29706962224315,1.443696886376972e-20,3975,6084,4.056100776011493e-20
Ciliated Cells,MEF2A_regulon,0.050418142,0.052940413,-0.07042652,-7.923173403115408,2.315243468854125e-15,3975,6084,6.20906203010879e-15
Ciliated Cells,HES1_regulon,0.09992228,0.09227137,0.114923276,7.135010222735032,9.677996679260691e-13,3975,6084,2.409427144487571e-12
Ciliated Cells,SPDEF_regulon,0.27049953,0.28149205,-0.057468135,-7.1332720070410955,9.8010595707969e-13,3975,6084,2.409427144487571e-12
Ciliated Cells,NR4A1_regulon,0.22062644,0.23204294,-0.0727861,-6.985621996368499,2.8359670237539166e-12,3975,6084,6.692882176059243e-12
Ciliated Cells,XBP1_regulon,0.3430532,0.35711506,-0.05795672,-6.773812513081945,1.2543220209601753e-11,3975,6084,2.8463461244865516e-11
Ciliated Cells,RELA_regulon,0.022340283,0.023771282,-0.08957228,-6.193596114446042,5.880680042304094e-10,3975,6084,1.2850374907257093e-09
Ciliated Cells,FOSL1_regulon,0.0056830514,0.0044754795,0.34462357,6.084028829431502,1.171995165276696e-09,3975,6084,2.4695612411187523e-09
Ciliated Cells,RUNX3_regulon,0.02614429,0.027800139,-0.08859622,-5.512352512750453,3.540688622368958e-08,3975,6084,6.963354290658951e-08
Ciliated Cells,IRF9_regulon,0.0018263158,0.0013548047,0.4308513,5.517086077912929,3.4466664105636184e-08,3975,6084,6.963354290658951e-08
Ciliated Cells,CEBPD_regulon,0.07647696,0.07235073,0.080017574,5.240133888892618,1.604601336354435e-07,3975,6084,3.053918672416505e-07
Ciliated Cells,EBF1_regulon,0.0031965575,0.002361933,0.43655106,5.210556129720851,1.8827540730707097e-07,3975,6084,3.471327822224121e-07
Ciliated Cells,REL_regulon,0.055584442,0.05797807,-0.06082624,-5.021034434332102,5.139394408573743e-07,3975,6084,9.188614245631842e-07
Ciliated Cells,ASCL3_regulon,0.013790764,0.012211581,0.1754524,4.923494197300858,8.501239883225327e-07,3975,6084,1.475215156206748e-06
Ciliated Cells,PAX5_regulon,0.0011230056,0.0009061516,0.3095409,4.810896447349213,1.5025485310789117e-06,3975,6084,2.532867523818737e-06
Ciliated Cells,HES6_regulon,0.013442933,0.012534798,0.10090916,4.378115855027664,1.1970971363964357e-05,3975,6084,1.9619091957608252e-05
Ciliated Cells,BACH2_regulon,0.004751506,0.0035116484,0.43623638,4.3705695408331815,1.2392287923249688e-05,3975,6084,1.9760675337073824e-05
Ciliated Cells,NR4A3_regulon,0.017561734,0.016808238,0.06326686,4.139148068353429,3.485979151807873e-05,3975,6084,5.412441314649066e-05
Ciliated Cells,CEBPB_regulon,0.033207815,0.0338813,-0.028966362,-4.027972494878641,5.625992345388126e-05,3975,6084,8.298338709447486e-05
Ciliated Cells,MEF2C_regulon,0.0029570342,0.00239366,0.30493265,4.031031052190597,5.553270551497309e-05,3975,6084,8.298338709447486e-05
Ciliated Cells,IRF1_regulon,0.052646376,0.04956512,0.0870089,3.8863588332522587,0.00010175905666012219,3975,6084,0.00014643376446212705
Ciliated Cells,TCF7_regulon,0.0044346573,0.0034092227,0.3793798,3.826929414253923,0.00012975170196902276,3975,6084,0.0001822702480041034
Ciliated Cells,LEF1_regulon,0.003765243,0.0029448685,0.3545398,3.551265962929924,0.00038338278813000964,3975,6084,0.0005260368488295481
Ciliated Cells,NKX2-1_regulon,0.009952002,0.008673246,0.19841476,3.509288931808079,0.00044930651822571496,3975,6084,0.0006024791948935723
Ciliated Cells,EOMES_regulon,0.0033318105,0.0026684531,0.3203027,3.239345790313215,0.0011980423127424258,3975,6084,0.0015707665878178473
Ciliated Cells,BACH1_regulon,0.023435155,0.023910303,-0.028958026,-2.729841410725379,0.006336479967023615,3975,6084,0.00812722430553029
Ciliated Cells,ELF3_regulon,0.1769496,0.17878786,-0.014910202,-2.612029013691925,0.009000661524933848,3975,6084,0.011298702765342492
Ciliated Cells,GATA2_regulon,0.005644687,0.0048449123,0.22042306,2.2762619263731545,0.02283033745224198,3975,6084,0.028062289785047434
Ciliated Cells,KLF15_regulon,0.0033167496,0.0028999706,0.19373183,1.9568200203899582,0.05036863240248211,3975,6084,0.060647945137682534
Ciliated Cells,IRF8_regulon,0.0069525656,0.0063200933,0.13759954,1.9315228368361876,0.05341842796923442,3975,6084,0.06303374500369661
Ciliated Cells,TBX21_regulon,0.0025897054,0.002981634,-0.20331523,-1.7755645063012615,0.07580472455670641,3975,6084,0.0876956617420721
Ciliated Cells,GATA3_regulon,0.0012643165,0.0015439981,-0.2883134,-1.410655091620922,0.15834633873448356,3975,6084,0.17966219202566405
Ciliated Cells,NR4A2_regulon,0.04331642,0.04365523,-0.0112405205,1.3395813832466417,0.1803814796424229,3975,6084,0.20080202450760284
Ciliated Cells,ATF4_regulon,0.13203643,0.13380772,-0.019225258,-1.2194162498193755,0.222686245406583,3975,6084,0.24330534220348882
Ciliated Cells,KLF4_regulon,0.11155925,0.111062646,0.006436518,1.0878175198275513,0.27667567359135636,3975,6084,0.29679754076163684
Ciliated Cells,TP63_regulon,0.030353956,0.029523361,0.040027622,0.4648234573865349,0.6420578879440901,3975,6084,0.6764538462268093
Ciliated Cells,CEBPA_regulon,0.0003873221,0.00047038824,-0.2803182,0.29606553855989676,0.7671800310402743,3975,6084,0.7940986286206348
Ciliated Cells,MAFB_regulon,0.06137815,0.06173559,-0.008377214,-0.08674925354141391,0.9308708252868432,3975,6084,0.9469203222745474
Ciliated Cells,NFKB1_regulon,0.01658656,0.016305884,0.024622124,-0.058576113112221724,0.9532897369810892,3975,6084,0.9532897369810892
Deuterosomal Cells,JUNB_regulon,0.15722857,0.2072629,-0.3985985,-4.942445183708693,7.714880086952052e-07,477,106,1.3769855902634675e-05
Deuterosomal Cells,MAFB_regulon,0.039320588,0.05460278,-0.47368953,-4.960932338400754,7.015562799760247e-07,477,106,1.3769855902634675e-05
Deuterosomal Cells,NR4A1_regulon,0.112208985,0.15407027,-0.45740038,-4.905152130278155,9.33549552720995e-07,477,106,1.3769855902634675e-05
Deuterosomal Cells,NR4A2_regulon,0.030449353,0.044170804,-0.53668153,-5.081736331991983,3.740003162989834e-07,477,106,1.3769855902634675e-05
Deuterosomal Cells,JUN_regulon,0.163175,0.22295183,-0.45031202,-4.395480400060807,1.1052803729727888e-05,477,106,0.00013042308401078908
Deuterosomal Cells,FOS_regulon,0.17736289,0.23648462,-0.4150422,-4.171722079477581,3.0230622229690936e-05,477,106,0.0002548009587931093
Deuterosomal Cells,SOX2_regulon,0.1323138,0.17783391,-0.42656696,-4.202002763886992,2.6456390297674448e-05,477,106,0.0002548009587931093
Deuterosomal Cells,ATF3_regulon,0.102288425,0.12841237,-0.32814118,-3.810585074889554,0.00013863829092989184,477,106,0.0010224573956079523
Deuterosomal Cells,STAT1_regulon,0.10007835,0.08807225,0.18437053,3.700299634830015,0.0002153450500858097,477,106,0.0014117064394514192
Deuterosomal Cells,ATF4_regulon,0.11799046,0.1364573,-0.2097794,-3.6317696648508218,0.0002814843108323497,477,106,0.0015097794853735117
Deuterosomal Cells,KLF6_regulon,0.11437024,0.1353997,-0.2435128,-3.6473881231251495,0.0002649196001452211,477,106,0.0015097794853735117
Deuterosomal Cells,KLF4_regulon,0.091543645,0.119204335,-0.3809051,-3.567064623428607,0.0003610024764365112,477,106,0.0017749288424795135
Deuterosomal Cells,IRF7_regulon,0.035157785,0.025628103,0.45611748,3.440204492955496,0.0005812748148869018,477,106,0.002638093390640554
Deuterosomal Cells,FOXJ1_regulon,0.18901275,0.23779295,-0.33122244,-3.386018005064971,0.0007091473067413211,477,106,0.002789312739849196
Deuterosomal Cells,KLF5_regulon,0.18725975,0.2153513,-0.20165122,-3.4048239038034476,0.0006620673235331908,477,106,0.002789312739849196
Deuterosomal Cells,BACH1_regulon,0.032838464,0.027426763,0.2598023,3.0283871849875075,0.0024586285709581007,477,106,0.009066192855407997
Deuterosomal Cells,MYB_regulon,0.17547032,0.2248622,-0.35781407,-2.9742006970969825,0.002937528746120104,477,106,0.010194952707122715
Deuterosomal Cells,GATA2_regulon,0.011109456,0.009001986,0.30347294,2.833634572628033,0.004602192594877746,477,106,0.015084964616543723
Deuterosomal Cells,NR4A3_regulon,0.014227904,0.019888284,-0.48319557,-2.792516590640517,0.005229978555309535,477,106,0.015428436738163128
Deuterosomal Cells,SPDEF_regulon,0.16632433,0.18820879,-0.1783348,-2.79666026324391,0.005163379588970649,477,106,0.015428436738163128
Deuterosomal Cells,MEF2C_regulon,0.006268068,0.004748014,0.4006968,2.7383301027499924,0.006175205797553236,477,106,0.017264132362658016
Deuterosomal Cells,RUNX3_regulon,0.024054121,0.027205806,-0.17763048,-2.7246241087541536,0.0064374730843809545,477,106,0.017264132362658016
Deuterosomal Cells,XBP1_regulon,0.18934487,0.21366931,-0.17436339,-2.655456650682131,0.007920111226995746,477,106,0.020316807060554304
Deuterosomal Cells,KLF15_regulon,0.0064926073,0.005168818,0.32896358,2.5442149784833474,0.010952365457997732,477,106,0.026924565084244425
Deuterosomal Cells,ELF3_regulon,0.16204375,0.17896351,-0.14328213,-2.5168029904916702,0.011842502710121251,477,106,0.02794830639588615
Deuterosomal Cells,TCF7_regulon,0.01004386,0.008378848,0.26148996,2.337031348313694,0.019437554133732035,477,106,0.044108295918853464
Deuterosomal Cells,FOSL2_regulon,0.07652406,0.08620283,-0.17182186,-2.2277021403933994,0.025900384199976575,477,106,0.054575809564236355
Deuterosomal Cells,LEF1_regulon,0.008279543,0.0065355008,0.34125346,2.240133158203579,0.02508227945971533,477,106,0.054575809564236355
Deuterosomal Cells,TP63_regulon,0.04886268,0.043110725,0.18068619,2.2047525690515304,0.027471462030008876,477,106,0.05589021585415598
Deuterosomal Cells,CEBPB_regulon,0.034819596,0.03268868,0.09110831,2.11932916461235,0.03406265857177834,477,106,0.06570489495152673
Deuterosomal Cells,REL_regulon,0.047033265,0.05111842,-0.120161675,-2.1139105158232976,0.034522910906734386,477,106,0.06570489495152673
Deuterosomal Cells,ASCL3_regulon,0.019599747,0.015793197,0.31153172,2.045699289890519,0.04078596566113267,477,106,0.07519912418771336
Deuterosomal Cells,STAT2_regulon,0.0257892,0.021895481,0.23613378,2.026574647105628,0.042705931535315926,477,106,0.07635302910859514
Deuterosomal Cells,NKX2-1_regulon,0.018246993,0.015639275,0.2224851,1.9848191770252825,0.04716459310356177,477,106,0.07950602837457554
Deuterosomal Cells,EBF1_regulon,0.007845084,0.008207547,-0.065162115,1.9889628496286755,0.04670530367133218,477,106,0.07950602837457554
Deuterosomal Cells,SPI1_regulon,0.023148792,0.025793195,-0.15605356,-1.9414699867128626,0.05220129645305225,477,106,0.0855521247425023
Deuterosomal Cells,EOMES_regulon,0.0077297804,0.0064411624,0.2631064,1.9067268856536437,0.05655596354531361,477,106,0.09018383376144602
Deuterosomal Cells,BACH2_regulon,0.011139524,0.008682969,0.35942733,1.891108427379316,0.05860987178695767,477,106,0.0909995377744869
Deuterosomal Cells,GATA3_regulon,0.0039084745,0.0060923533,-0.640394,-1.8601902548770755,0.06285861331406982,477,106,0.09509379962897742
Deuterosomal Cells,NOTCH1_regulon,0.052402623,0.05777557,-0.14082052,-1.695399582880597,0.08999964500347574,477,106,0.1327494763801267
Deuterosomal Cells,IRF9_regulon,0.004809114,0.004582919,0.06950434,1.5959514403991633,0.11049963538136084,477,106,0.15901167042683634
Deuterosomal Cells,TBX21_regulon,0.0035195302,0.004644985,-0.4002911,-1.5239152859094067,0.1275298744620381,477,106,0.17914910936333922
Deuterosomal Cells,PAX5_regulon,0.0029659055,0.0026688185,0.15227138,1.4761036789471789,0.13991606143456756,477,106,0.191977851735802
Deuterosomal Cells,HES1_regulon,0.13236013,0.14292204,-0.11075981,-1.4557040599766284,0.1454744470709017,477,106,0.1950680085723455
Deuterosomal Cells,STAT3_regulon,0.08978346,0.09310576,-0.052420758,-1.2195147215832232,0.22264889176305458,477,106,0.291917435867116
Deuterosomal Cells,EHF_regulon,0.14144461,0.1455226,-0.041006014,-0.9817316629577437,0.3262320622620326,477,106,0.4184280798578244
Deuterosomal Cells,CEBPA_regulon,0.00072078785,0.0014647468,-1.0230048,-0.886427193079703,0.3753873711761846,477,106,0.451997038763161
Deuterosomal Cells,MEF2A_regulon,0.05437714,0.052553374,0.049216907,0.903639371586105,0.3661866571775968,477,106,0.451997038763161
Deuterosomal Cells,HES6_regulon,0.0656201,0.06910129,-0.074574776,-0.897264490657808,0.369577799727,477,106,0.451997038763161
Deuterosomal Cells,NFKB2_regulon,0.034704845,0.038550146,-0.15159921,-0.7107992235051196,0.4772086618888566,477,106,0.5520649225773047
Deuterosomal Cells,RELA_regulon,0.026892308,0.026134558,0.041234855,0.7222740091760543,0.4701260291493633,477,106,0.5520649225773047
Deuterosomal Cells,RELB_regulon,0.015221781,0.01699727,-0.1591659,0.5453710634158115,0.5854983379145227,477,106,0.6643154218645546
Deuterosomal Cells,FOSL1_regulon,0.011751903,0.012740814,-0.11656309,-0.4398667840524956,0.6600335944316413,477,106,0.7347543787069215
Deuterosomal Cells,ATF6_regulon,0.0649647,0.064507194,0.010195822,0.19379638022022994,0.8463353214480951,477,106,0.9229056823725759
Deuterosomal Cells,IRF3_regulon,0.030053241,0.03047542,-0.020125572,-0.17594671362099823,0.8603358056015538,477,106,0.9229056823725759
Deuterosomal Cells,IRF1_regulon,0.04546287,0.046694387,-0.038560376,-0.15267839823271404,0.8786518967313558,477,106,0.9257225340562499
Deuterosomal Cells,IRF8_regulon,0.0049961377,0.0047207046,0.08181108,0.030599428455825778,0.975588997963807,477,106,0.9924094979287003
Deuterosomal Cells,NFKB1_regulon,0.016346961,0.01631579,0.0027535646,0.03251189273431489,0.9740638320136982,477,106,0.9924094979287003
Deuterosomal Cells,CEBPD_regulon,0.09488993,0.09770854,-0.042229638,-0.0028686964177336667,0.9977111145580265,477,106,0.9977111145580265
Developing Ciliated Cells,IRF7_regulon,0.02979731,0.016735557,0.8322655,20.20132209919728,9.53111007471261e-91,2892,962,5.62335494408044e-89
Developing Ciliated Cells,NFKB2_regulon,0.039490152,0.020127203,0.9723462,17.564234263157022,4.628982764343643e-69,2892,962,1.3655499154813747e-67
Developing Ciliated Cells,EBF1_regulon,0.012507916,0.019353459,-0.6297499,-15.777721192155605,4.42891409503919e-56,2892,962,8.710197720243739e-55
Developing Ciliated Cells,TCF7_regulon,0.01552941,0.022017179,-0.5036266,-15.479550892863227,4.767896521271135e-54,2892,962,7.032647368874924e-53
Developing Ciliated Cells,LEF1_regulon,0.013133417,0.017790103,-0.4378326,-15.205280378049691,3.262310173776346e-52,2892,962,3.849526005056088e-51
Developing Ciliated Cells,BACH2_regulon,0.017636811,0.025216654,-0.51578707,-15.141307896851949,8.647663210153e-52,2892,962,8.503535489983783e-51
Developing Ciliated Cells,PAX5_regulon,0.0045461617,0.00653258,-0.52300394,-14.991169082809561,8.386393902258927e-51,2892,962,7.068532003332524e-50
Developing Ciliated Cells,EOMES_regulon,0.012642088,0.018449914,-0.5453793,-14.97083168747977,1.1388805003776535e-50,2892,962,8.399243690285194e-50
Developing Ciliated Cells,HES1_regulon,0.12799065,0.08668659,0.56215763,14.928568037810045,2.1483002500826397e-50,2892,962,1.4083301639430639e-49
Developing Ciliated Cells,IRF9_regulon,0.008106346,0.01227637,-0.5987603,-14.866502187424471,5.438126437251846e-50,2892,962,3.2084945979785896e-49
Developing Ciliated Cells,KLF15_regulon,0.009835618,0.012225627,-0.31382096,-14.802195209593016,1.4177882907682775e-49,2892,962,7.604500832302579e-49
Developing Ciliated Cells,GATA2_regulon,0.016231073,0.022906225,-0.4969813,-14.715209359995772,5.148664405128181e-49,2892,962,2.5314266658546886e-48
Developing Ciliated Cells,MEF2C_regulon,0.009860323,0.013452101,-0.44812468,-14.50494477604335,1.1272816620782959e-47,2892,962,5.116124466355343e-47
Developing Ciliated Cells,TP63_regulon,0.025652982,0.014874849,0.7862516,13.86428337349153,1.0426217925647139e-43,2892,962,4.3939061258084375e-43
Developing Ciliated Cells,IRF1_regulon,0.06346319,0.044662572,0.50685364,13.239845057674824,5.1655283111151895e-40,2892,962,2.0317744690386415e-39
Developing Ciliated Cells,NKX2-1_regulon,0.025131898,0.031540517,-0.32768667,-12.86954055932209,6.679830103982156e-38,2892,962,2.4631873508434202e-37
Developing Ciliated Cells,ASCL3_regulon,0.026095444,0.033249944,-0.34955397,-12.576655306842389,2.837930306540364e-36,2892,962,9.849287534463617e-36
Developing Ciliated Cells,EHF_regulon,0.12108493,0.10136162,0.25650787,11.462263046793563,2.0411075073107177e-30,2892,962,6.690296829518464e-30
Developing Ciliated Cells,IRF3_regulon,0.02840977,0.035178084,-0.3082898,-11.110523111611938,1.1150437667352419e-28,2892,962,3.4625043282831196e-28
Developing Ciliated Cells,CEBPA_regulon,0.0012730217,0.0014602253,-0.19793403,-10.534402834535173,5.996263528633952e-26,2892,962,1.768897740947016e-25
Developing Ciliated Cells,SPI1_regulon,0.0314253,0.024784578,0.34248382,9.689397438447665,3.3449624277881926e-22,2892,962,9.397751582833493e-22
Developing Ciliated Cells,ELF3_regulon,0.1403375,0.12238894,0.19742744,9.592460313997439,8.600915502088238e-22,2892,962,2.3066091573782095e-21
Developing Ciliated Cells,MEF2A_regulon,0.06043177,0.06740262,-0.15749754,-9.238328727884761,2.5037726061213403e-20,2892,962,6.422721033093873e-20
Developing Ciliated Cells,CEBPD_regulon,0.08599508,0.07358464,0.22484943,9.118595657846948,7.610405770104432e-20,2892,962,1.8708914184840064e-19
Developing Ciliated Cells,FOSL2_regulon,0.07290738,0.05676483,0.3610675,8.977655501231688,2.7659757280308774e-19,2892,962,6.527702718152871e-19
Developing Ciliated Cells,REL_regulon,0.057581488,0.044468217,0.37283054,8.887324685297306,6.259788179652608e-19,2892,962,1.4204903946134766e-18
Developing Ciliated Cells,ATF6_regulon,0.060981203,0.067559496,-0.14779398,-7.864166382093889,3.7156342344333265e-15,2892,962,8.119348882650603e-15
Developing Ciliated Cells,ATF3_regulon,0.117477566,0.09314367,0.33485565,7.766576989207922,8.063557477214404e-15,2892,962,1.6991067541273208e-14
Developing Ciliated Cells,NOTCH1_regulon,0.05473889,0.061931834,-0.17811501,-7.555827385136615,4.162055211619792e-14,2892,962,8.467629568467852e-14
Developing Ciliated Cells,KLF4_regulon,0.1122337,0.08307378,0.43404087,7.543885855313037,4.5617045038454944e-14,2892,962,8.971352190896139e-14
Developing Ciliated Cells,CEBPB_regulon,0.034339104,0.030099846,0.19009624,7.404952678500058,1.3119724454963842e-13,2892,962,2.49697981562215e-13
Developing Ciliated Cells,TBX21_regulon,0.0053877756,0.0055659814,-0.046946283,-7.376921860594851,1.619910146585252e-13,2892,962,2.9867093327665587e-13
Developing Ciliated Cells,KLF6_regulon,0.13506615,0.115241684,0.2290036,7.314170292110164,2.5897654805630767e-13,2892,962,4.630186768279441e-13
Developing Ciliated Cells,IRF8_regulon,0.0066449647,0.0038595577,0.78382605,6.981095269089763,2.9288760566411925e-12,2892,962,5.082461392406775e-12
Developing Ciliated Cells,STAT2_regulon,0.020252649,0.015499097,0.38592637,6.895949150977945,5.350633338863518e-12,2892,962,9.019639056941359e-12
Developing Ciliated Cells,RELB_regulon,0.019849084,0.014142138,0.48907214,5.919252430197358,3.2340826052583082e-09,2892,962,5.3003020475066715e-09
Developing Ciliated Cells,ATF4_regulon,0.13792808,0.12515141,0.14024173,5.629260573599279,1.8098380684844752e-08,2892,962,2.885958001096866e-08
Developing Ciliated Cells,KLF5_regulon,0.17138244,0.15507412,0.14426132,5.600343339614731,2.1392766534431577e-08,2892,962,3.3215084882406926e-08
Developing Ciliated Cells,MAFB_regulon,0.04976027,0.042954236,0.21219386,5.156767353647014,2.5124965052790394e-07,2892,962,3.7304951776474763e-07
Developing Ciliated Cells,STAT1_regulon,0.10140491,0.09634519,0.07384296,5.155529716102274,2.52914927298134e-07,2892,962,3.7304951776474763e-07
Developing Ciliated Cells,GATA3_regulon,0.0023952646,0.0009616752,1.3165634,4.773367312084389,1.811709278705619e-06,2892,962,2.6070938400885735e-06
Developing Ciliated Cells,RELA_regulon,0.034352843,0.036702182,-0.095436394,-4.733311340197176,2.208862723240097e-06,2892,962,3.102926206456327e-06
Developing Ciliated Cells,RUNX3_regulon,0.03109749,0.028216025,0.14028339,4.657196631195626,3.205442623574972e-06,2892,962,4.398165460254031e-06
Developing Ciliated Cells,MYB_regulon,0.1913515,0.2110001,-0.14101848,-4.481100878377058,7.425899889751557e-06,2892,962,9.957456670348678e-06
Developing Ciliated Cells,SPDEF_regulon,0.13701469,0.12554683,0.12610498,4.324205232333654,1.5308273596385937e-05,2892,962,2.007084760415045e-05
Developing Ciliated Cells,NR4A3_regulon,0.023058483,0.019633576,0.23197465,4.196695115561997,2.7083813848671592e-05,2892,962,3.473793515373096e-05
Developing Ciliated Cells,FOSL1_regulon,0.02188055,0.021822548,0.0038294382,-3.715404634143063,0.0002028787730827194,2892,962,0.00025467760876341373
Developing Ciliated Cells,NR4A2_regulon,0.0492118,0.04454508,0.1437382,3.443325072280352,0.0005746081842314235,2892,962,0.0007062892264511248
Developing Ciliated Cells,JUNB_regulon,0.1917094,0.18117435,0.081542276,3.032329058436348,0.002426745022440067,2892,962,0.002921999108652325
Developing Ciliated Cells,HES6_regulon,0.010139405,0.009502954,0.09352508,-2.985683502864975,0.002829453195581446,2892,962,0.0033387547707861066
Developing Ciliated Cells,NFKB1_regulon,0.02626829,0.02476447,0.08505048,2.699722330703146,0.006939736923166816,2892,962,0.008028323107192982
Developing Ciliated Cells,FOXJ1_regulon,0.19432135,0.20377421,-0.0685271,-2.5927837569048813,0.009520260930052914,2892,962,0.010801834516790806
Developing Ciliated Cells,STAT3_regulon,0.089045,0.086696446,0.03856187,2.529998738756823,0.011406293667596292,2892,962,0.012697572196003419
Developing Ciliated Cells,SOX2_regulon,0.15512216,0.16183308,-0.061101716,-2.375176971842444,0.01754053804531464,2892,962,0.019164661938399326
Developing Ciliated Cells,FOS_regulon,0.19942938,0.20972481,-0.07261961,-2.339586530015308,0.019305098979242274,2892,962,0.02070910617773262
Developing Ciliated Cells,XBP1_regulon,0.16612679,0.15906827,0.062638596,1.9713726356232841,0.04868126867049746,2892,962,0.05128919377784554
Developing Ciliated Cells,BACH1_regulon,0.0356538,0.035833515,-0.0072537735,-1.9045736578706614,0.05683551348907554,2892,962,0.05781543613543891
Developing Ciliated Cells,JUN_regulon,0.1925716,0.20194237,-0.06854875,-1.906396664524401,0.056598761156039894,2892,962,0.05781543613543891
Developing Ciliated Cells,NR4A1_regulon,0.14481059,0.1423174,0.025055055,0.502614641818182,0.6152352329923871,2892,962,0.6152352329923871
Developing Secretory and Goblet Cells,CEBPA_regulon,0.0034181501,0.007270468,-1.0888324,-3.8876009889739023,0.00010123987073665559,136,270,0.00597315237346268
Developing Secretory and Goblet Cells,CEBPB_regulon,0.03781637,0.039394736,-0.058991898,-3.6362532703137247,0.0002766323545026397,136,270,0.006511880707388211
Developing Secretory and Goblet Cells,IRF7_regulon,0.019510448,0.013181286,0.5657558,3.58965761480453,0.0003311125783417734,136,270,0.006511880707388211
Developing Secretory and Goblet Cells,NOTCH1_regulon,0.0818663,0.092935674,-0.18296279,-3.292610310933411,0.0009926195003440873,136,270,0.014641137630075287
Developing Secretory and Goblet Cells,MYB_regulon,0.029493034,0.02482846,0.24837945,2.573961931733902,0.01005413348924846,136,270,0.11863877517313182
Developing Secretory and Goblet Cells,BACH1_regulon,0.031328365,0.034086257,-0.12172069,-2.2486884134677902,0.024532326857836705,136,270,0.20677246923033793
Developing Secretory and Goblet Cells,STAT1_regulon,0.10344234,0.09835721,0.07272421,2.289459612038336,0.022052661961368222,136,270,0.20677246923033793
Developing Secretory and Goblet Cells,FOSL1_regulon,0.00712171,0.008003899,-0.16847925,-1.9166943679647752,0.055276771195943666,136,270,0.2340571148145591
Developing Secretory and Goblet Cells,NKX2-1_regulon,0.016206464,0.017875245,-0.14139365,-1.9906201675707096,0.04652266134501414,136,270,0.2340571148145591
Developing Secretory and Goblet Cells,RELB_regulon,0.008704528,0.010504385,-0.27115372,-2.0703704241152936,0.03841766928510707,136,270,0.2340571148145591
Developing Secretory and Goblet Cells,SOX2_regulon,0.0439106,0.04068811,0.10996197,1.88443583722764,0.05950604613929469,136,270,0.2340571148145591
Developing Secretory and Goblet Cells,STAT2_regulon,0.04928309,0.044866957,0.13543938,1.949400933851037,0.051247563102731646,136,270,0.2340571148145591
Developing Secretory and Goblet Cells,MEF2A_regulon,0.06386803,0.0672422,-0.0742729,-1.8853319075258939,0.05938504088188037,136,270,0.2340571148145591
Developing Secretory and Goblet Cells,RUNX3_regulon,0.025967494,0.028947854,-0.15674962,-1.9592577071318282,0.05008261402519318,136,270,0.2340571148145591
Developing Secretory and Goblet Cells,TP63_regulon,0.14415248,0.15492447,-0.1039694,-2.0640979320275172,0.039008432010537275,136,270,0.2340571148145591
Developing Secretory and Goblet Cells,GATA3_regulon,0.0020452787,0.003906433,-0.93355453,-1.6890925122083222,0.09120170256925664,136,270,0.33630627822413384
Developing Secretory and Goblet Cells,FOXJ1_regulon,0.04079141,0.038546298,0.08167311,1.3490338340210233,0.17732609885742268,136,270,0.6154258725051729
Developing Secretory and Goblet Cells,NFKB1_regulon,0.019940015,0.02122076,-0.08980983,-1.2795883859063575,0.20068993660801449,136,270,0.6578170144373808
Developing Secretory and Goblet Cells,LEF1_regulon,0.0050686924,0.005245127,-0.049364015,-1.2253761328620056,0.22043353523579645,136,270,0.68450413573221
Developing Secretory and Goblet Cells,BACH2_regulon,0.0060729496,0.006501462,-0.09836678,-1.1725079852650342,0.24099316803833426,136,270,0.7109298457130862
Developing Secretory and Goblet Cells,CEBPD_regulon,0.10904315,0.11239815,-0.043719124,-1.0367533350795908,0.2998508284948519,136,270,0.7531660050397744
Developing Secretory and Goblet Cells,KLF15_regulon,0.0046845973,0.004815302,-0.039701223,-0.9932939256142839,0.3205667369072127,136,270,0.7531660050397744
Developing Secretory and Goblet Cells,NFKB2_regulon,0.015882352,0.017150098,-0.11079221,-0.9260886532452525,0.3543999102378098,136,270,0.7531660050397744
Developing Secretory and Goblet Cells,NR4A2_regulon,0.036153253,0.034109652,0.083945416,1.0242083509040383,0.3057368752173477,136,270,0.7531660050397744
Developing Secretory and Goblet Cells,RELA_regulon,0.025989745,0.027292885,-0.07058247,-1.0452660029130014,0.29590004575212137,136,270,0.7531660050397744
Developing Secretory and Goblet Cells,XBP1_regulon,0.06584946,0.06668031,-0.018089248,-0.9641716409210369,0.33495987982896347,136,270,0.7531660050397744
Developing Secretory and Goblet Cells,EOMES_regulon,0.0041640867,0.0043440545,-0.06104215,-0.920264196306603,0.35743471425616413,136,270,0.7531660050397744
Developing Secretory and Goblet Cells,TCF7_regulon,0.0059452397,0.006072612,-0.03058221,-0.9758205547983357,0.3291533968724375,136,270,0.7531660050397744
Developing Secretory and Goblet Cells,IRF8_regulon,0.004358553,0.0041754385,0.06192142,0.8642598026657436,0.3874451868081037,136,270,0.7882505524716592
Developing Secretory and Goblet Cells,HES6_regulon,0.010518575,0.0108654965,-0.046814814,0.8216964634986904,0.4112496724389616,136,270,0.8087910224632912
Developing Secretory and Goblet Cells,MEF2C_regulon,0.0043411376,0.004074561,0.09142861,-0.7643479644104503,0.4446599092428978,136,270,0.821318892896056
Developing Secretory and Goblet Cells,TBX21_regulon,0.0027283283,0.002411306,0.17820254,0.7630038589630697,0.44546109445209814,136,270,0.821318892896056
Developing Secretory and Goblet Cells,JUN_regulon,0.09355747,0.091958575,0.02486878,0.6716046885411869,0.5018353926713924,136,270,0.8517327791604874
Developing Secretory and Goblet Cells,KLF4_regulon,0.11408088,0.1115156,0.032811526,0.6854937781641202,0.49303238545651784,136,270,0.8517327791604874
Developing Secretory and Goblet Cells,MAFB_regulon,0.05402477,0.057692494,-0.09476258,-0.6662282667516645,0.5052652079765603,136,270,0.8517327791604874
Developing Secretory and Goblet Cells,ATF3_regulon,0.14604005,0.14301413,0.030206416,0.5779653423736699,0.5632875182599983,136,270,0.9185834532725584
Developing Secretory and Goblet Cells,EBF1_regulon,0.0039241486,0.0035380116,0.14944091,-0.5591478661103412,0.5760608096794011,136,270,0.9185834532725584
Developing Secretory and Goblet Cells,ASCL3_regulon,0.025856229,0.025314815,0.030529913,0.36514864653840384,0.7150004495190996,136,270,0.9198679405504967
Developing Secretory and Goblet Cells,ATF4_regulon,0.15467203,0.15664619,-0.018297376,-0.3476752757224557,0.7280840667323083,136,270,0.9198679405504967
Developing Secretory and Goblet Cells,EHF_regulon,0.1547562,0.1542919,0.0043350104,0.32079316677484315,0.7483671380749803,136,270,0.9198679405504967
Developing Secretory and Goblet Cells,FOS_regulon,0.0752767,0.074740745,0.010308527,0.4480351491268759,0.654127829621225,136,270,0.9198679405504967
Developing Secretory and Goblet Cells,FOSL2_regulon,0.072054945,0.070800684,0.025334083,0.45027532487251026,0.6525119287960763,136,270,0.9198679405504967
Developing Secretory and Goblet Cells,JUNB_regulon,0.11144156,0.11005068,0.018119339,0.3418508187838063,0.732463163072901,136,270,0.9198679405504967
Developing Secretory and Goblet Cells,NR4A1_regulon,0.09547503,0.09482164,0.00990719,0.41398447779323333,0.6788854746416988,136,270,0.9198679405504967
Developing Secretory and Goblet Cells,REL_regulon,0.0262858,0.027500976,-0.06519918,-0.4628203090480628,0.6434931726897325,136,270,0.9198679405504967
Developing Secretory and Goblet Cells,STAT3_regulon,0.11054856,0.10969444,0.011189883,0.3776936307139564,0.7056581998990792,136,270,0.9198679405504967
Developing Secretory and Goblet Cells,SPI1_regulon,0.019875193,0.020286065,-0.029520165,-0.4310098134600546,0.6664612349956098,136,270,0.9198679405504967
Developing Secretory and Goblet Cells,IRF9_regulon,0.0022668343,0.001875731,0.2732259,-0.32303334252047755,0.7466699909003887,136,270,0.9198679405504967
Developing Secretory and Goblet Cells,ELF3_regulon,0.111107774,0.10876608,0.030731114,-0.09587952191315144,0.9236162587852108,136,270,0.982848426689121
Developing Secretory and Goblet Cells,HES1_regulon,0.11126741,0.11091862,0.004529612,-0.11380092787822647,0.9093956030327177,136,270,0.982848426689121
Developing Secretory and Goblet Cells,IRF1_regulon,0.041303214,0.041786063,-0.016767774,-0.08423060803585267,0.9328730829591657,136,270,0.982848426689121
Developing Secretory and Goblet Cells,KLF5_regulon,0.07860971,0.076580405,0.03773227,0.1133528927290996,0.9097507850806223,136,270,0.982848426689121
Developing Secretory and Goblet Cells,NR4A3_regulon,0.010387965,0.009792884,0.085107386,0.18683065718590725,0.8517934091609575,136,270,0.982848426689121
Developing Secretory and Goblet Cells,SPDEF_regulon,0.050167374,0.045978557,0.12578818,-0.13844286108020465,0.8898904248851001,136,270,0.982848426689121
Developing Secretory and Goblet Cells,GATA2_regulon,0.009543343,0.008552631,0.15812641,0.17966209479987724,0.8574178531194889,136,270,0.982848426689121
Developing Secretory and Goblet Cells,IRF3_regulon,0.03872001,0.038409356,0.011621572,0.22536168001081858,0.8216979197992118,136,270,0.982848426689121
Developing Secretory and Goblet Cells,ATF6_regulon,0.08646768,0.08581773,0.010885233,0.031362460438881315,0.9749804786441473,136,270,0.9935654238417221
Developing Secretory and Goblet Cells,KLF6_regulon,0.15667085,0.15732163,-0.0059802616,0.008064632684283765,0.9935654238417222,136,270,0.9935654238417221
Developing Secretory and Goblet Cells,PAX5_regulon,0.0015005805,0.0013245613,0.1800061,-0.02643407379848568,0.9789111166779193,136,270,0.9935654238417221
Goblet Cells,IRF7_regulon,0.0719884,0.044714388,0.68702525,17.55834866098433,5.134738520734281e-69,2092,715,3.0294957272332254e-67
Goblet Cells,MEF2A_regulon,0.051464725,0.06289934,-0.28946102,-13.890307172940041,7.252363008739655e-44,2092,715,2.1394470875781982e-42
Goblet Cells,XBP1_regulon,0.20976628,0.16331175,0.3611543,13.085116904580588,4.0054345965493823e-39,2092,715,7.877354706547118e-38
Goblet Cells,SPDEF_regulon,0.23641591,0.17680621,0.4191582,12.662637889636805,9.524428197645883e-37,2092,715,1.4048531591527678e-35
Goblet Cells,CEBPD_regulon,0.19631667,0.16210195,0.27628118,11.71673709409624,1.0462454160858882e-31,2092,715,1.2345695909813481e-30
Goblet Cells,HES1_regulon,0.28569028,0.22802982,0.3252294,10.970156167827609,5.3180463666144275e-28,2092,715,5.229412260504187e-27
Goblet Cells,KLF5_regulon,0.24106602,0.19781984,0.2852412,10.602972514847306,2.886568019268127e-26,2092,715,2.4329644733831356e-25
Goblet Cells,ATF6_regulon,0.068222865,0.07877254,-0.20743735,-10.530198580276714,6.270206475438296e-26,2092,715,4.624277275635743e-25
Goblet Cells,RELB_regulon,0.029622495,0.021690467,0.44963205,10.383581685288,2.9451412690727597e-25,2092,715,1.9307037208365866e-24
Goblet Cells,ELF3_regulon,0.25270182,0.21863139,0.2089355,8.987353751475503,2.532544272597699e-19,2092,715,1.4942011208326423e-18
Goblet Cells,IRF3_regulon,0.02596137,0.031331062,-0.27122718,-8.514977955098267,1.6662199816697563e-17,2092,715,8.93699808350142e-17
Goblet Cells,NFKB2_regulon,0.08751931,0.06675727,0.39067647,8.385679278839536,5.043366748472058e-17,2092,715,2.4796553179987616e-16
Goblet Cells,STAT1_regulon,0.11613905,0.10659919,0.12365666,7.489728716024801,6.901611680460894e-14,2092,715,3.1322699165168674e-13
Goblet Cells,FOXJ1_regulon,0.085547514,0.07616857,0.16753024,7.06783766529716,1.5736648062570942e-12,2092,715,6.631873112083468e-12
Goblet Cells,STAT3_regulon,0.10724917,0.116000004,-0.11315834,-6.727833994490304,1.7220722285349856e-11,2092,715,6.773484098904276e-11
Goblet Cells,NFKB1_regulon,0.016887076,0.020129003,-0.2533561,-6.1974100945922,5.739980574948393e-10,2092,715,2.11661783701222e-09
Goblet Cells,SPI1_regulon,0.028826166,0.024255242,0.24908234,5.930982127741583,3.0112799346044226e-09,2092,715,1.045091271421535e-08
Goblet Cells,KLF4_regulon,0.17997861,0.16361152,0.13755108,4.753637236210813,1.9978937949570847e-06,2092,715,6.548651883470444e-06
Goblet Cells,FOSL2_regulon,0.12756905,0.116453625,0.13152274,4.550736130349654,5.345855559114917e-06,2092,715,1.660028831514632e-05
Goblet Cells,KLF15_regulon,0.0037275462,0.004255245,-0.19101599,-4.364885986756597,1.2718907912063523e-05,2092,715,3.7520778340587396e-05
Goblet Cells,TCF7_regulon,0.005137554,0.0053054844,-0.04640289,-4.317902300757662,1.575191229288806e-05,2092,715,4.4255372632399786e-05
Goblet Cells,CEBPB_regulon,0.03513787,0.03724604,-0.08406037,-4.099393417522569,4.142343770131254e-05,2092,715,0.00011109012838079273
Goblet Cells,NR4A2_regulon,0.048764087,0.045000922,0.11586442,3.9312089260599405,8.451978172557889e-05,2092,715,0.00021681161399170236
Goblet Cells,NKX2-1_regulon,0.011848395,0.01279297,-0.11065962,-3.741670643292905,0.00018280098808881563,2092,715,0.00044938576238500507
Goblet Cells,NR4A1_regulon,0.10876019,0.101837695,0.094878905,3.641743452195056,0.00027079786863782695,2092,715,0.0006390829699852717
Goblet Cells,MAFB_regulon,0.052583274,0.04870519,0.110528395,3.44672641195943,0.0005674228835967307,2092,715,0.0012876134666233502
Goblet Cells,LEF1_regulon,0.004417581,0.004469636,-0.01690071,-3.405194757782897,0.0006611688222679474,2092,715,0.0014447763153262554
Goblet Cells,MEF2C_regulon,0.0033916172,0.0036186972,-0.09349699,-3.378709642410346,0.0007282688172282597,2092,715,0.0015345664363024044
Goblet Cells,SOX2_regulon,0.060590092,0.057527423,0.074832015,3.2682792723605165,0.0010820353998769303,2092,715,0.0022013823652668584
Goblet Cells,NOTCH1_regulon,0.038829878,0.042292785,-0.12324439,-3.1459292641107295,0.0016556004192319084,2092,715,0.0032560141578227533
Goblet Cells,IRF8_regulon,0.0067396476,0.0057657347,0.22516873,3.1353726338663725,0.0017163594067359541,2092,715,0.003266619516045848
Goblet Cells,GATA2_regulon,0.007092118,0.007319654,-0.045558896,-3.0716052420612194,0.0021291109389847615,2092,715,0.003925548293753154
Goblet Cells,BACH2_regulon,0.0056583984,0.0055640414,0.024260603,-2.6863283266114752,0.0072242061558341905,2092,715,0.01291600494527931
Goblet Cells,FOS_regulon,0.09483264,0.090592004,0.065999985,2.652199676429086,0.007996923409776632,2092,715,0.01387701415225945
Goblet Cells,EOMES_regulon,0.004336759,0.004005889,0.11449489,-2.5495464694200356,0.010786313516837988,2092,715,0.018182642785526892
Goblet Cells,REL_regulon,0.06438173,0.060613364,0.08701554,2.298565926066224,0.021529600285670483,2092,715,0.0352846226904044
Goblet Cells,GATA3_regulon,0.0070475875,0.006500368,0.116608106,2.2810339021667354,0.02254644082678056,2092,715,0.035952432669731166
Goblet Cells,ASCL3_regulon,0.0169601,0.0184551,-0.121874884,-2.1760021126469313,0.029555102586621296,2092,715,0.045888185595017277
Goblet Cells,KLF6_regulon,0.16365232,0.1693778,-0.04961079,-1.8889152212928004,0.05890318954901766,2092,715,0.08910995342030877
Goblet Cells,STAT2_regulon,0.03863968,0.036144093,0.09632332,1.8701538176686523,0.061462460790509786,2092,715,0.09065712966600194
Goblet Cells,FOSL1_regulon,0.010483986,0.011412035,-0.122368746,-1.8567909945745296,0.06334089543531467,2092,715,0.09114909343130646
Goblet Cells,TBX21_regulon,0.0040121516,0.0034747885,0.20745096,1.691118713853597,0.09081413171493337,2092,715,0.1275722326471683
Goblet Cells,RUNX3_regulon,0.03437362,0.03339566,0.041641105,1.4475946257863062,0.14773045505543203,2092,715,0.2026999267039649
Goblet Cells,EBF1_regulon,0.0038587477,0.0035038644,0.13918582,-1.3382867328763828,0.18080298498399305,2092,715,0.24244036622853615
Goblet Cells,JUNB_regulon,0.12776372,0.1260473,0.01951302,0.9959579308511489,0.3192705860490028,2092,715,0.41859921281980367
Goblet Cells,BACH1_regulon,0.035567764,0.036240708,-0.027040891,-0.836459274399701,0.40289657856982697,2092,715,0.5167586551221693
Goblet Cells,RELA_regulon,0.038152296,0.03755723,0.02267919,0.8206644175024481,0.41183744407008915,2092,715,0.5169874297901119
Goblet Cells,NR4A3_regulon,0.017569438,0.01675046,0.06886731,0.7920412504348374,0.4283366241413643,2092,715,0.5264971005070936
Goblet Cells,MYB_regulon,0.030919923,0.032585204,-0.07568031,-0.7600506519475078,0.4472243085191493,2092,715,0.5384945755638736
Goblet Cells,IRF1_regulon,0.061350062,0.059884068,0.034892637,0.7263763377503187,0.4676080929612556,2092,715,0.5517775496942816
Goblet Cells,CEBPA_regulon,0.0006383969,0.0011010305,-0.786329,-0.6827066318787259,0.49479223825003604,2092,715,0.564546630655655
Goblet Cells,TP63_regulon,0.09159284,0.091128625,0.0073305075,0.6783236259038536,0.4975665219337977,2092,715,0.564546630655655
Goblet Cells,EHF_regulon,0.20319395,0.2035035,-0.0021961695,0.6462261248317711,0.5181329228774143,2092,715,0.5767894801842913
Goblet Cells,HES6_regulon,0.007395467,0.008029444,-0.11865887,-0.5647663552499994,0.5722326941941509,2092,715,0.6252172029158316
Goblet Cells,IRF9_regulon,0.0022403642,0.0020850203,0.10367184,-0.3424357046099869,0.7320230224434351,2092,715,0.7852610604393212
Goblet Cells,JUN_regulon,0.098280415,0.09856146,-0.004119615,0.31012439836839834,0.7564663591039112,2092,715,0.7969913426273351
Goblet Cells,PAX5_regulon,0.0012893102,0.0012539566,0.04011193,0.18149386326437375,0.8559799495718172,2092,715,0.8860143337673196
Goblet Cells,ATF3_regulon,0.15788549,0.15979058,-0.017303685,-0.0348769682756601,0.9721778460910794,2092,715,0.9721778460910794
Goblet Cells,ATF4_regulon,0.17097339,0.17074274,0.0019475922,0.046769880829429254,0.9626966343700344,2092,715,0.9721778460910794
Ionocytes,IRF7_regulon,0.021686602,0.008571558,1.3391747,8.825507602330266,1.0896444200433698e-18,253,146,6.428902078255882e-17
Ionocytes,NFKB2_regulon,0.046410445,0.03260184,0.5094961,6.446324505204574,1.1459516742431859e-10,253,146,3.3805574390173983e-09
Ionocytes,STAT1_regulon,0.1029353,0.08652397,0.25056604,5.59153088110468,2.2507625248995875e-08,253,146,4.4264996323025223e-07
Ionocytes,RELA_regulon,0.04093249,0.03292718,0.31396747,5.33378604558273,9.618584934374088e-08,253,146,1.418741277820178e-06
Ionocytes,MEF2C_regulon,0.006015706,0.0031128335,0.9505056,5.185087102012375,2.1591393191343728e-07,253,146,2.54778439657856e-06
Ionocytes,TCF7_regulon,0.008957249,0.004461067,1.0056671,5.138675007504052,2.7668243987759455e-07,253,146,2.7207106587963465e-06
Ionocytes,LEF1_regulon,0.008080924,0.004210526,0.9405197,4.963390495234753,6.927310558050886e-07,253,146,5.838733184642889e-06
Ionocytes,RELB_regulon,0.025836801,0.018445387,0.48616737,4.825956623147,1.3933283436446379e-06,253,146,1.0275796534379205e-05
Ionocytes,BACH2_regulon,0.01068962,0.005796683,0.882911,4.71510831975819,2.4158219468483992e-06,253,146,1.583705498489506e-05
Ionocytes,EBF1_regulon,0.0068457457,0.0032678442,1.0668685,4.615074484992678,3.929543603562708e-06,253,146,2.3184307261019976e-05
Ionocytes,SPI1_regulon,0.03513418,0.026084172,0.4297007,4.563705759032009,5.025850517174551e-06,253,146,2.6956834592118045e-05
Ionocytes,MYB_regulon,0.030392654,0.05887166,-0.9538507,-4.51774426738299,6.250190615632184e-06,253,146,3.073010386019157e-05
Ionocytes,KLF15_regulon,0.006339193,0.0041492432,0.6114509,4.473585187171188,7.691889357078458e-06,253,146,3.4909344005202234e-05
Ionocytes,EOMES_regulon,0.0077980026,0.0037797403,1.0448174,4.437536958426859,9.099410188573261e-06,253,146,3.834751436613018e-05
Ionocytes,PAX5_regulon,0.0026575828,0.0014032084,0.92138535,4.27531992907738,1.9086301403613422e-05,253,146,7.507278552087946e-05
Ionocytes,IRF9_regulon,0.0039499686,0.0022611753,0.8047683,4.1707800657188265,3.035587284564333e-05,253,146,0.00011193728111830978
Ionocytes,NKX2-1_regulon,0.017742874,0.011931326,0.5724854,4.079758288139397,4.5082553231995594e-05,253,146,0.00015646297886398472
Ionocytes,FOSL1_regulon,0.013919284,0.009385364,0.5686004,3.8733821785781153,0.00010733530887809273,253,146,0.00035182129021152613
Ionocytes,JUN_regulon,0.10012222,0.13598143,-0.44164738,-3.8409387727082196,0.00012256468500668636,253,146,0.0003805956008102366
Ionocytes,GATA2_regulon,0.010583525,0.00597062,0.8258675,3.5782373057339245,0.00034591930914802123,253,146,0.0010204619619866627
Ionocytes,TP63_regulon,0.05811525,0.06833904,-0.23379321,-3.4547721222845986,0.0005507581093553089,253,146,0.0015473680215220584
Ionocytes,FOXJ1_regulon,0.04826711,0.07204127,-0.5777831,-3.3993479705901932,0.0006754671999840841,253,146,0.0018114802181391347
Ionocytes,IRF1_regulon,0.079057105,0.0675766,0.22637132,3.172694732360227,0.0015103123587049524,253,146,0.0038742795288518347
Ionocytes,EHF_regulon,0.14457873,0.15517123,-0.102005854,-3.0375138745689942,0.0023853842316841995,253,146,0.0058640695695569905
Ionocytes,NFKB1_regulon,0.024784166,0.019554794,0.34189638,2.88566071098351,0.003905929846416047,253,146,0.009217994437541871
Ionocytes,FOS_regulon,0.07757853,0.10785598,-0.47537687,-2.8460076593647483,0.0044271130008253605,253,146,0.010046141040334473
Ionocytes,ELF3_regulon,0.1187201,0.111018375,0.09676565,2.7761642161726114,0.005500441887119368,253,146,0.011719374181264808
Ionocytes,IRF3_regulon,0.023487102,0.028636446,-0.28598377,-2.7725593932981787,0.005561736899583299,253,146,0.011719374181264808
Ionocytes,ATF3_regulon,0.14181507,0.1595665,-0.17014703,-2.715332830166557,0.006620919328579193,253,146,0.013470146220212842
Ionocytes,HES1_regulon,0.12879497,0.11273523,0.19213776,2.3566529541604866,0.018440471655985714,253,146,0.03626626092343857
Ionocytes,NOTCH1_regulon,0.031287186,0.03628695,-0.21387887,-2.2057009962936105,0.02740494212085265,253,146,0.05215779306871956
Ionocytes,CEBPD_regulon,0.08701373,0.07981165,0.124643706,1.8970380376702962,0.057822918016972646,253,146,0.10661100509379332
Ionocytes,NR4A1_regulon,0.10683223,0.12533796,-0.23047648,-1.82178736016651,0.06848725636588633,253,146,0.12244691289658464
Ionocytes,JUNB_regulon,0.12723474,0.1473576,-0.21182881,-1.7614065770197596,0.078169612645469,253,146,0.1356472690024315
Ionocytes,STAT2_regulon,0.026407326,0.02930065,-0.14999454,-1.7244571425568227,0.08462534946802946,253,146,0.14265416053182112
Ionocytes,KLF6_regulon,0.1633784,0.17056055,-0.062066704,-1.5780112132829873,0.11456303375461219,253,146,0.18775608309783665
Ionocytes,REL_regulon,0.04680258,0.042187277,0.14978014,1.5284448987595356,0.12640211440069649,253,146,0.20156012836867818
Ionocytes,SOX2_regulon,0.046813503,0.06275054,-0.42270315,-1.5032111386385054,0.13278460610174386,253,146,0.20616557263165494
Ionocytes,HES6_regulon,0.016711567,0.0150829125,0.14793201,1.4459845755068836,0.14818152814076466,253,146,0.22417205539243887
Ionocytes,TBX21_regulon,0.0050598085,0.0049927905,0.019236429,-1.3211675834796457,0.1864454924587856,253,146,0.27500710137670875
Ionocytes,ATF4_regulon,0.15358956,0.14968997,0.037102673,0.8674105041604085,0.3857171285013723,253,146,0.5178737462813486
Ionocytes,BACH1_regulon,0.037639897,0.035320837,0.091743186,0.8665092984418004,0.38621092943015833,253,146,0.5178737462813486
Ionocytes,MEF2A_regulon,0.06524599,0.06294431,0.05181333,0.8953478814372633,0.3706011520418655,253,146,0.5178737462813486
Ionocytes,RUNX3_regulon,0.030804036,0.03317141,-0.10682097,-0.8863358242511811,0.3754365900386517,253,146,0.5178737462813486
Ionocytes,KLF4_regulon,0.11997556,0.12692954,-0.08128732,-0.7628706408018554,0.44554054701239165,253,146,0.5841531616384691
Ionocytes,IRF8_regulon,0.008215622,0.0064158253,0.356735,0.7313284406505678,0.46457856269326525,253,146,0.5958725043239707
Ionocytes,NR4A2_regulon,0.051138446,0.056320295,-0.13924661,-0.6898729775945899,0.4902740705798797,253,146,0.6154504290258064
Ionocytes,KLF5_regulon,0.07473632,0.07968457,-0.09249086,0.5591981483963985,0.5760264966801089,253,146,0.7080325688359671
Ionocytes,CEBPA_regulon,0.0008409611,0.0009571017,-0.18663312,0.5366680054311931,0.591496960076703,253,146,0.7122106253984791
Ionocytes,MAFB_regulon,0.048666008,0.05167718,-0.086612836,-0.43302934779124813,0.6649934491969336,253,146,0.7810811034338938
Ionocytes,XBP1_regulon,0.06497192,0.07258291,-0.15981361,0.41906065915282076,0.6751718012733658,253,146,0.7810811034338938
Ionocytes,ASCL3_regulon,0.1770569,0.179708,-0.02144166,-0.3983329276248318,0.6903847916446274,253,146,0.7833212059044812
Ionocytes,GATA3_regulon,0.0077137505,0.0073440876,0.070849285,0.32984129301060733,0.7415198844744527,253,146,0.8254655317734474
Ionocytes,ATF6_regulon,0.0764484,0.07557588,0.01656042,0.17708692370651458,0.8594401129680227,253,146,0.8895959064054972
Ionocytes,CEBPB_regulon,0.040147185,0.0391195,0.037410885,0.20953032957641038,0.8340342612356642,253,146,0.8895959064054972
Ionocytes,FOSL2_regulon,0.07933066,0.08053443,-0.02172709,0.22800504680787884,0.8196423170694072,253,146,0.8895959064054972
Ionocytes,NR4A3_regulon,0.027524963,0.028238105,-0.036902666,-0.1888025980484214,0.850247535517755,253,146,0.8895959064054972
Ionocytes,SPDEF_regulon,0.054042026,0.059786405,-0.14573567,0.13067482919819143,0.8960325449651554,253,146,0.9114813819473133
Ionocytes,STAT3_regulon,0.10134959,0.101234674,0.0016366901,0.026134965839638286,0.9791496878736176,253,146,0.9791496878736177
Mitotic Basal Cells,IRF7_regulon,0.03199028,0.014549236,1.1366901,7.225430917304589,4.995153515072859e-13,111,155,1.9822528963169743e-11
Mitotic Basal Cells,TP63_regulon,0.078046456,0.13925976,-0.8353734,-7.185024749553193,6.719501343447371e-13,111,155,1.9822528963169743e-11
Mitotic Basal Cells,NOTCH1_regulon,0.05538644,0.086269096,-0.6393111,-6.640349608264378,3.129399917865867e-11,111,155,6.154486505136205e-10
Mitotic Basal Cells,EOMES_regulon,0.015841631,0.006629881,1.256666,5.6091842072487585,2.032825632845901e-08,111,155,2.398734246758163e-07
Mitotic Basal Cells,EBF1_regulon,0.015797772,0.007030561,1.1680093,5.615649194088982,1.9582560363248077e-08,111,155,2.398734246758163e-07
Mitotic Basal Cells,BACH2_regulon,0.02032124,0.009183362,1.1458942,5.364322830675301,8.125346784999405e-08,111,155,6.84850657592807e-07
Mitotic Basal Cells,LEF1_regulon,0.014256756,0.0066366727,1.1031138,5.374020310935635,7.700017849469877e-08,111,155,6.84850657592807e-07
Mitotic Basal Cells,TCF7_regulon,0.01785799,0.008147707,1.1321037,5.308562319178375,1.1049330715657364e-07,111,155,7.405732682595036e-07
Mitotic Basal Cells,IRF9_regulon,0.011319345,0.004196095,1.4316713,5.3045217024032345,1.1296880363280565e-07,111,155,7.405732682595036e-07
Mitotic Basal Cells,MAFB_regulon,0.052144386,0.08186163,-0.6506754,-5.155018881723071,2.5360537370952245e-07,111,155,1.4962717048861824e-06
Mitotic Basal Cells,KLF15_regulon,0.010418443,0.005709678,0.86765844,5.019254158078381,5.187248263049919e-07,111,155,2.782251341090411e-06
Mitotic Basal Cells,NFKB2_regulon,0.03923898,0.025857387,0.601711,4.93036058902531,8.207797298448293e-07,111,155,4.035500338403744e-06
Mitotic Basal Cells,MEF2C_regulon,0.01088786,0.0056926995,0.93553567,4.84146701997224,1.2888406867423194e-06,111,155,5.849353885984372e-06
Mitotic Basal Cells,ATF3_regulon,0.12781177,0.16867147,-0.4001953,-4.700045432842354,2.601036171100696e-06,111,155,1.0941685288792937e-05
Mitotic Basal Cells,TBX21_regulon,0.005983879,0.0026663837,1.1661965,4.686307335806879,2.7817843954558317e-06,111,155,1.0941685288792937e-05
Mitotic Basal Cells,CEBPA_regulon,0.0045068753,0.011536503,-1.3560065,-4.651558031540679,3.294365385886418e-06,111,155,1.2147972360456166e-05
Mitotic Basal Cells,PAX5_regulon,0.0054836413,0.0035237693,0.6380147,4.624889960824758,3.7479732305953397e-06,111,155,1.3007671800301474e-05
Mitotic Basal Cells,ATF4_regulon,0.14297892,0.17159593,-0.26321286,-4.42285912206778,9.740325731358763e-06,111,155,3.192662323056483e-05
Mitotic Basal Cells,KLF6_regulon,0.1384175,0.16720967,-0.27263197,-4.225677023440968,2.382234648907202e-05,111,155,7.397465488711838e-05
Mitotic Basal Cells,RELB_regulon,0.020548837,0.015147707,0.4399573,3.978391276802426,6.938312521433511e-05,111,155,0.0002046802193822886
Mitotic Basal Cells,GATA2_regulon,0.01824443,0.01136078,0.6833942,3.811109742311648,0.00013834432917433077,111,155,0.0003886816867278817
Mitotic Basal Cells,JUNB_regulon,0.112456135,0.14295246,-0.34617308,-3.7876741650158383,0.00015206408761608156,111,155,0.00040780823497040057
Mitotic Basal Cells,STAT1_regulon,0.10598507,0.09230475,0.19938418,3.74807612061947,0.00017819617847635955,111,155,0.000457111936091531
Mitotic Basal Cells,FOSL1_regulon,0.025775246,0.018271646,0.4963796,3.6995887193177954,0.00021594914077242223,111,155,0.000530874971065538
Mitotic Basal Cells,NKX2-1_regulon,0.026909674,0.018748727,0.5213323,3.6882749923474045,0.00022577956267126766,111,155,0.0005328397679041916
Mitotic Basal Cells,NR4A1_regulon,0.09623163,0.12738709,-0.40463597,-3.619584507170032,0.0002950764350801179,111,155,0.000669596525758729
Mitotic Basal Cells,FOXJ1_regulon,0.060541723,0.044317484,0.45005372,3.567864612448245,0.000359902372061077,111,155,0.0007864533315408719
Mitotic Basal Cells,HES6_regulon,0.031102417,0.0419601,-0.4319915,-3.5533183920577427,0.00038040375099104444,111,155,0.0008015650467311293
Mitotic Basal Cells,KLF4_regulon,0.12261498,0.15182853,-0.3083077,-3.4975578805608167,0.00046953881278405645,111,155,0.0009552686191123907
Mitotic Basal Cells,IRF8_regulon,0.0072427685,0.011059423,-0.6106629,-2.9803589333429508,0.002879108108181798,111,155,0.0056622459460908695
Mitotic Basal Cells,SPDEF_regulon,0.08834401,0.058893893,0.5850142,2.855907936668652,0.004291395487091803,111,155,0.008167494636723109
Mitotic Basal Cells,MYB_regulon,0.038368896,0.026187608,0.5510529,2.8381292228580377,0.0045378806979148026,111,155,0.008366717536780418
Mitotic Basal Cells,JUN_regulon,0.09083333,0.109256364,-0.26642364,-2.6595339613968685,0.007824884075366799,111,155,0.01398994425595882
Mitotic Basal Cells,STAT3_regulon,0.09452229,0.10245417,-0.116252206,-2.637714630811115,0.008346678774055595,111,155,0.01448394257850824
Mitotic Basal Cells,RELA_regulon,0.03382883,0.02874703,0.23484038,2.543972321627877,0.010959976885514488,111,155,0.018475389607010135
Mitotic Basal Cells,BACH1_regulon,0.042083926,0.037298813,0.17413953,2.5245773611072067,0.011583750617200902,111,155,0.018984480178190367
Mitotic Basal Cells,CEBPD_regulon,0.11663347,0.12744991,-0.12794854,-2.45750312263989,0.0139906594431542,111,155,0.022309429922867507
Mitotic Basal Cells,SOX2_regulon,0.05255453,0.042678267,0.30031344,2.445381272314471,0.014469908210151991,111,155,0.022466436431551776
Mitotic Basal Cells,ASCL3_regulon,0.031596724,0.026788626,0.2381544,2.408207597983187,0.01603106229587954,111,155,0.02425211988351007
Mitotic Basal Cells,EHF_regulon,0.12808439,0.13842021,-0.111959875,-2.3734582937169866,0.01762238309732518,111,155,0.025993015068554642
Mitotic Basal Cells,KLF5_regulon,0.11112612,0.08873854,0.32456526,1.9168685981262146,0.055254627336857653,111,155,0.07951275641157565
Mitotic Basal Cells,ATF6_regulon,0.07500356,0.07965705,-0.08684296,-1.8675730734695117,0.06182160253269712,111,155,0.08560130325152095
Mitotic Basal Cells,SPI1_regulon,0.032153863,0.029062819,0.14581743,1.8635324566943723,0.06238739050534577,111,155,0.08560130325152095
Mitotic Basal Cells,XBP1_regulon,0.094534144,0.07159592,0.40095812,1.7180702527893474,0.0857838019422139,111,155,0.11502827987705953
Mitotic Basal Cells,MEF2A_regulon,0.062484592,0.05809762,0.105021454,1.600084242955272,0.10957989606075842,111,155,0.14367141927966104
Mitotic Basal Cells,FOS_regulon,0.08701992,0.09758319,-0.16528699,-1.5192719074524803,0.12869406788823604,111,155,0.16155212777459418
Mitotic Basal Cells,STAT2_regulon,0.020139877,0.022882853,-0.18421206,-1.5289693877128154,0.12627203301947715,111,155,0.16155212777459418
Mitotic Basal Cells,NR4A2_regulon,0.044045754,0.047150254,-0.09826258,-1.4053265143935443,0.15992420745411517,111,155,0.19657350499568324
Mitotic Basal Cells,HES1_regulon,0.14652441,0.1477258,-0.0117807975,-1.3826990604527627,0.16675716012418962,111,155,0.2007892336189222
Mitotic Basal Cells,NFKB1_regulon,0.025480086,0.027202886,-0.09438952,-0.9907592332642239,0.32180315992106645,111,155,0.37972772870685845
Mitotic Basal Cells,REL_regulon,0.036997393,0.032264855,0.19746013,0.9592424224181352,0.3374366338013284,111,155,0.3903678704760466
Mitotic Basal Cells,NR4A3_regulon,0.017281886,0.015191001,0.1860438,0.8978250474360137,0.369278828937339,111,155,0.4189894405250577
Mitotic Basal Cells,FOSL2_regulon,0.0709092,0.07331748,-0.048184384,-0.8800463336253995,0.3788342098455324,111,155,0.4217211015261587
Mitotic Basal Cells,ELF3_regulon,0.13008417,0.11705433,0.1522672,0.7539790902410448,0.45086177744167033,111,155,0.49260823831589906
Mitotic Basal Cells,GATA3_regulon,0.004785443,0.004584041,0.06203263,0.7054916889393699,0.48050430226139507,111,155,0.5154500696985874
Mitotic Basal Cells,RUNX3_regulon,0.03144263,0.032342106,-0.040691715,-0.6820561116435604,0.4952034708019548,111,155,0.5217322281663452
Mitotic Basal Cells,IRF3_regulon,0.02479967,0.02560102,-0.045880385,-0.6489230540874158,0.516388112541053,111,155,0.5345069936828444
Mitotic Basal Cells,CEBPB_regulon,0.03882527,0.039960105,-0.04156446,-0.543058894578759,0.5870892531866196,111,155,0.5972114816898373
Mitotic Basal Cells,IRF1_regulon,0.054918204,0.05228523,0.07088088,0.04121429110642367,0.9671250606979145,111,155,0.9671250606979145
Secretory Cells,KLF4_regulon,0.18927428,0.28161415,-0.5732414,-11.832344896096998,2.656162759575025e-32,3364,269,1.5671360281492649e-30
Secretory Cells,TP63_regulon,0.06526504,0.08811827,-0.4331308,-10.70467967075882,9.67647467860844e-27,3364,269,2.85456003018949e-25
Secretory Cells,ATF3_regulon,0.18187575,0.25588337,-0.49253318,-10.564382229438454,4.3582875999330573e-26,3364,269,8.571298946535013e-25
Secretory Cells,ATF4_regulon,0.17791097,0.22509685,-0.33939046,-10.44423083620435,1.5571248837998233e-25,3364,269,2.2967592036047395e-24
Secretory Cells,EOMES_regulon,0.009391076,0.003709646,1.340009,10.391283276541357,2.716729422956943e-25,3364,269,3.2057407190891926e-24
Secretory Cells,FOSL2_regulon,0.12244153,0.163199,-0.4145392,-10.230900195075018,1.4417293012201703e-24,3364,269,1.4177004795331675e-23
Secretory Cells,TCF7_regulon,0.0103972405,0.004839562,1.1032523,9.95332570944872,2.4389352729531715e-23,3364,269,2.055674015774816e-22
Secretory Cells,EHF_regulon,0.17097892,0.20314959,-0.24872401,-9.90116345300948,4.114601249141526e-23,3364,269,2.4276147369935004e-22
Secretory Cells,KLF15_regulon,0.007039356,0.0034357267,1.0348282,9.903398546800158,4.0236444481431585e-23,3364,269,2.4276147369935004e-22
Secretory Cells,LEF1_regulon,0.008945765,0.0041205245,1.1183769,9.912459737843454,3.674854872737153e-23,3364,269,2.4276147369935004e-22
Secretory Cells,MEF2C_regulon,0.0064731445,0.0031906671,1.0206087,9.88047373346062,5.059315875310056e-23,3364,269,2.7136330603935755e-22
Secretory Cells,BACH2_regulon,0.01162518,0.0052230484,1.154289,9.853592200032175,6.613700542421841e-23,3364,269,3.2517361000240718e-22
Secretory Cells,NR4A1_regulon,0.13438423,0.20012033,-0.5745039,-9.821334359918042,9.112920384970908e-23,3364,269,4.1358638670252586e-22
Secretory Cells,MAFB_regulon,0.058994852,0.08158677,-0.46774623,-9.611537583295597,7.147358590890358e-22,3364,269,3.0121011204466507e-21
Secretory Cells,CEBPD_regulon,0.16540608,0.20481168,-0.30828577,-9.40089509550911,5.410084646252004e-21,3364,269,2.1279666275257882e-20
Secretory Cells,KLF6_regulon,0.18787852,0.23460966,-0.32046235,-9.371627448439265,7.142262391062381e-21,3364,269,2.633709256704253e-20
Secretory Cells,JUN_regulon,0.11496757,0.16345187,-0.5076388,-9.337285534385172,9.883544824020127e-21,3364,269,3.430171438924632e-20
Secretory Cells,NKX2-1_regulon,0.018328743,0.010625122,0.78662837,8.890296980219384,6.094579487517311e-19,3364,269,1.997667720908452e-18
Secretory Cells,ELF3_regulon,0.21810281,0.25702897,-0.2369226,-8.6328383387092,5.9847993037944396e-18,3364,269,1.8584376785466943e-17
Secretory Cells,JUNB_regulon,0.16345543,0.21424821,-0.3903859,-8.436905184382999,3.2585058748184134e-17,3364,269,9.61259233071432e-17
Secretory Cells,HES1_regulon,0.27035594,0.33711356,-0.31837457,-8.3932906514946,4.727210279652469e-17,3364,269,1.3281209833309317e-16
Secretory Cells,NR4A2_regulon,0.06345571,0.085588925,-0.43167412,-8.302920372822795,1.0158296162830967e-16,3364,269,2.7242703345773957e-16
Secretory Cells,GATA2_regulon,0.010703659,0.00605948,0.82083815,8.23212226680451,1.8392538007469335e-16,3364,269,4.718085836698656e-16
Secretory Cells,IRF9_regulon,0.004802045,0.0022657013,1.0836912,8.192464454005018,2.5593082621805863e-16,3364,269,6.291632811193941e-16
Secretory Cells,PAX5_regulon,0.00280544,0.0013955195,1.0074248,7.925672785720241,2.269143873115724e-15,3364,269,5.355179540553109e-15
Secretory Cells,FOS_regulon,0.11369512,0.14881726,-0.38837144,-7.80183650812853,6.1012660364218324e-15,3364,269,1.3845180621111081e-14
Secretory Cells,KLF5_regulon,0.20334664,0.24080853,-0.24394532,-7.707962568919984,1.2784222954946284e-14,3364,269,2.793589460525299e-14
Secretory Cells,EBF1_regulon,0.0076356474,0.003963999,0.94579387,7.639852616244543,2.1747053266478264e-14,3364,269,4.582414795436491e-14
Secretory Cells,REL_regulon,0.07071038,0.09263549,-0.38964298,-7.578266721120275,3.502018850532648e-14,3364,269,7.124796971773318e-14
Secretory Cells,MEF2A_regulon,0.060990006,0.052005965,0.22989579,7.142665063698894,9.15384891146832e-13,3364,269,1.8002569525887697e-12
Secretory Cells,NFKB2_regulon,0.08390622,0.10652906,-0.34439734,-6.342380670754997,2.2624143760017695e-10,3364,269,4.3058854252936903e-10
Secretory Cells,FOSL1_regulon,0.024647389,0.03298963,-0.4205777,-6.238901869040557,4.406533043959117e-10,3364,269,8.124545299799622e-10
Secretory Cells,STAT3_regulon,0.09889163,0.108781055,-0.13750698,-6.191964899436284,5.941878602109184e-10,3364,269,1.0623358712861876e-09
Secretory Cells,GATA3_regulon,0.0062337285,0.011500196,-0.8834912,-5.816831590243832,5.997350935043333e-09,3364,269,1.0407167799045783e-08
Secretory Cells,SPDEF_regulon,0.18419187,0.21187682,-0.20201647,-5.731263742824973,9.968512439481608e-09,3364,269,1.680406382655471e-08
Secretory Cells,ASCL3_regulon,0.022535125,0.016963903,0.40970725,5.4957029796694234,3.891570339650139e-08,3364,269,6.377851389982172e-08
Secretory Cells,IRF1_regulon,0.08351411,0.097776845,-0.22747289,-5.4522092626616026,4.9747864765113446e-08,3364,269,7.932767624707278e-08
Secretory Cells,STAT1_regulon,0.11198284,0.10165134,0.13964845,5.4195889749057375,5.973621454299977e-08,3364,269,9.274833310623648e-08
Secretory Cells,NFKB1_regulon,0.028093707,0.022441303,0.32409057,5.0882212184524045,3.6143761138007734e-07,3364,269,5.467902326006298e-07
Secretory Cells,SPI1_regulon,0.038835388,0.031867053,0.28530625,4.9106822819440925,9.076004192899198e-07,3364,269,1.3387106184526317e-06
Secretory Cells,CEBPB_regulon,0.038747106,0.03477646,0.1559775,4.60021567283063,4.220537361599521e-06,3364,269,6.073456203277358e-06
Secretory Cells,XBP1_regulon,0.17628737,0.19325131,-0.13254912,-3.9185422706434756,8.908610786269429e-05,3364,269,0.00012514477056902292
Secretory Cells,ATF6_regulon,0.06888189,0.06449863,0.094856195,3.4166126947851687,0.0006340541466696363,3364,269,0.0008699812710118265
Secretory Cells,NR4A3_regulon,0.03301024,0.038721874,-0.23023508,-3.3050090251019073,0.0009497334167420169,3364,269,0.0012735061724495225
Secretory Cells,TBX21_regulon,0.008390934,0.005904911,0.5069161,3.2015604273576117,0.0013668540313621766,3364,269,0.0017920975077859646
Secretory Cells,RELA_regulon,0.041406143,0.039210528,0.078603804,2.7200487353168654,0.006527229547935328,3364,269,0.008371881376699659
Secretory Cells,IRF3_regulon,0.021507563,0.019217374,0.16243282,2.460294592075715,0.013882301297302984,3364,269,0.017426718649805873
Secretory Cells,SOX2_regulon,0.060114685,0.063266486,-0.07372401,-2.434047342020301,0.014931042079346916,3364,269,0.018352739222530584
Secretory Cells,BACH1_regulon,0.04122708,0.04427705,-0.10296684,-1.8413246319081689,0.06557400016818496,3364,269,0.07737732019845825
Secretory Cells,IRF7_regulon,0.05315633,0.055712678,-0.067764156,-1.8455229837582294,0.06496149826379909,3364,269,0.07737732019845825
Secretory Cells,NOTCH1_regulon,0.037985872,0.040540986,-0.09391818,-1.590118212217861,0.11180816151456031,3364,269,0.12934669665409917
Secretory Cells,STAT2_regulon,0.023791421,0.024453629,-0.03960709,-1.4014038067561507,0.16109335456875118,3364,269,0.18277899845300613
Secretory Cells,MYB_regulon,0.03383112,0.02765897,0.29060346,1.3671223006423479,0.17158697436138426,3364,269,0.19101191485512586
Secretory Cells,RELB_regulon,0.03214199,0.03634954,-0.17747779,-1.3189469682621577,0.1871868423899422,3364,269,0.20451895742604798
Secretory Cells,FOXJ1_regulon,0.081880584,0.07751516,0.079042815,1.1332831637850238,0.25709535968694786,3364,269,0.27579320402781676
Secretory Cells,RUNX3_regulon,0.041735247,0.042539623,-0.027540928,-1.082027026450113,0.27924051904620295,3364,269,0.29419983256653526
Secretory Cells,IRF8_regulon,0.0093740225,0.0078609865,0.2539578,0.2829205883418437,0.7772377118804806,3364,269,0.8045092105429535
Secretory Cells,CEBPA_regulon,0.0011043401,0.0014972609,-0.43914115,-0.13265583687385263,0.8944655711562656,3364,269,0.909887391348615
Secretory Cells,HES6_regulon,0.0070043104,0.0067437883,0.0546838,0.029841522502587977,0.9761934433318791,3364,269,0.9761934433318791
Squamous Cells,JUNB_regulon,0.14660265,0.21130382,-0.5274077,-26.41535281153901,9.129468387592718e-154,1877,3373,5.3863863486797036e-152
Squamous Cells,KLF6_regulon,0.15428692,0.20099638,-0.38155377,-25.096057113620827,5.491508446476763e-139,1877,3373,1.619994991710645e-137
Squamous Cells,NR4A1_regulon,0.10847447,0.1594727,-0.555954,-24.349009403855028,5.939087746423108e-131,1877,3373,1.1680205901298779e-129
Squamous Cells,ATF4_regulon,0.142877,0.17937058,-0.32816958,-23.84171878195407,1.234146364695152e-125,1877,3373,1.8203658879253493e-124
Squamous Cells,ATF3_regulon,0.1373746,0.17976621,-0.3880066,-22.36229054193289,9.168456343971072e-111,1877,3373,1.0818778485885863e-109
Squamous Cells,JUN_regulon,0.11299232,0.17572941,-0.63713104,-22.182665090273304,5.049733109515383e-109,1877,3373,4.96557089102346e-108
Squamous Cells,XBP1_regulon,0.11571951,0.16311167,-0.49522793,-21.526451299211242,8.802110193155033e-103,1877,3373,7.418921448516385e-102
Squamous Cells,KLF5_regulon,0.18199052,0.24058624,-0.40269077,-21.048438039519546,2.3634086073274464e-98,1877,3373,1.7430138479039918e-97
Squamous Cells,SOX2_regulon,0.1128941,0.1543081,-0.45084366,-20.30292924366611,1.2114373965827233e-91,1877,3373,7.94164515537563e-91
Squamous Cells,SPDEF_regulon,0.13677159,0.18203627,-0.41245732,-20.174543925607022,1.6386817186701702e-90,1877,3373,9.668222140154004e-90
Squamous Cells,NKX2-1_regulon,0.02533298,0.015929751,0.66929305,20.078219314055474,1.1442341396238609e-89,1877,3373,6.1372558398007084e-89
Squamous Cells,TCF7_regulon,0.0141163105,0.007763587,0.86256784,19.460069893652886,2.3945808736702257e-84,1877,3373,1.1773355962211943e-83
Squamous Cells,BACH2_regulon,0.015602656,0.008624721,0.85524184,19.23561644969431,1.8631488255434644e-82,1877,3373,8.4558292851588e-82
Squamous Cells,ELF3_regulon,0.2092328,0.2652554,-0.342273,-19.052837174461242,6.223590159132635e-81,1877,3373,2.6227987099201818e-80
Squamous Cells,KLF4_regulon,0.15505446,0.20222132,-0.38316,-18.993114015405563,1.9444836263320996e-80,1877,3373,7.648302263572925e-80
Squamous Cells,LEF1_regulon,0.011729804,0.0066541177,0.8178596,18.898024334771346,1.1840384461249642e-79,1877,3373,4.3661417700858053e-79
Squamous Cells,IRF9_regulon,0.0072921515,0.003718773,0.97151786,18.7091369012318,4.1707477523341724e-78,1877,3373,1.4474948081630365e-77
Squamous Cells,KLF15_regulon,0.009069204,0.005713873,0.66650695,18.532750768363055,1.1239172032912827e-76,1877,3373,3.6839508330103155e-76
Squamous Cells,EBF1_regulon,0.011236015,0.0058960086,0.9303199,18.528931981987935,1.2065804748883481e-76,1877,3373,3.746749895705923e-76
Squamous Cells,GATA3_regulon,0.0357798,0.06043476,-0.75623316,-18.41693324725492,9.60960611492368e-76,1877,3373,2.717426384924811e-75
Squamous Cells,MEF2C_regulon,0.008612638,0.00518077,0.73328865,18.416581766916913,9.672195607359497e-76,1877,3373,2.717426384924811e-75
Squamous Cells,EHF_regulon,0.18631347,0.2334364,-0.3252976,-18.109036471159385,2.70440507485471e-73,1877,3373,7.073974527416228e-73
Squamous Cells,FOS_regulon,0.1122698,0.16938007,-0.59329426,-18.10796303120817,2.7576510869588685e-73,1877,3373,7.073974527416228e-73
Squamous Cells,REL_regulon,0.07937946,0.11069908,-0.47980553,-18.000011070096555,1.9478004320350935e-72,1877,3373,4.788342728752938e-72
Squamous Cells,GATA2_regulon,0.015018156,0.008769993,0.7760601,17.939176473215284,5.83129158101997e-72,1877,3373,1.376184813120713e-71
Squamous Cells,HES1_regulon,0.14904341,0.18789425,-0.3341883,-17.918201646557904,8.503283611626954e-72,1877,3373,1.9295912810999627e-71
Squamous Cells,FOSL2_regulon,0.1941649,0.26265368,-0.43587935,-17.797415903374677,7.40057731661432e-71,1877,3373,1.6171631914083145e-70
Squamous Cells,PAX5_regulon,0.0044355495,0.002517359,0.8172018,17.116142514159463,1.1248679218733833e-65,1877,3373,2.370257406804629e-65
Squamous Cells,NR4A2_regulon,0.055505987,0.07188186,-0.3729843,-16.38779925805688,2.3375545862428232e-60,1877,3373,4.755714503045744e-60
Squamous Cells,ASCL3_regulon,0.024765722,0.017522704,0.49911925,15.98781463340309,1.5538707305172848e-57,1877,3373,3.055945770017327e-57
Squamous Cells,CEBPD_regulon,0.0934798,0.10950294,-0.22824307,-15.242020853491809,1.860264038112563e-52,1877,3373,3.5405025241497166e-52
Squamous Cells,STAT3_regulon,0.08287077,0.09476243,-0.19345196,-14.717659686525948,4.9654914368581944e-49,1877,3373,9.155124836707296e-49
Squamous Cells,RELA_regulon,0.06067514,0.07537535,-0.31298727,-14.229292006065887,6.028904876823581e-46,1877,3373,1.0778951143411858e-45
Squamous Cells,EOMES_regulon,0.013393361,0.008659128,0.6292244,14.035920823349587,9.39679085147207e-45,1877,3373,1.6306195889319181e-44
Squamous Cells,NFKB2_regulon,0.16682751,0.21337561,-0.35503805,-12.240074783903308,1.8985762051188738e-34,1877,3373,3.2004570314861013e-34
Squamous Cells,FOXJ1_regulon,0.11361594,0.15129547,-0.4132035,-11.680043112363872,1.6121374317286383e-31,1877,3373,2.642114124221935e-31
Squamous Cells,IRF1_regulon,0.06504108,0.07370204,-0.18035327,-10.768198621415014,4.8642500052478264e-27,1877,3373,7.754472614162129e-27
Squamous Cells,MYB_regulon,0.077900134,0.119644634,-0.61905795,-10.765766757454738,4.994406090477304e-27,1877,3373,7.754472614162129e-27
Squamous Cells,RELB_regulon,0.093350455,0.11829038,-0.34160382,-9.993364966009347,1.6295412881785568e-23,1877,3373,2.4652034872444833e-23
Squamous Cells,SPI1_regulon,0.042205647,0.03561791,0.24483314,9.927951625265367,3.146527668691361e-23,1877,3373,4.6411283113197574e-23
Squamous Cells,NR4A3_regulon,0.034202185,0.040228244,-0.23412028,-8.285730991934633,1.173858399536181e-16,1877,3373,1.689210867625236e-16
Squamous Cells,MAFB_regulon,0.056758545,0.06335146,-0.15854026,-8.041889132574017,8.846391369858533e-16,1877,3373,1.2427073590991748e-15
Squamous Cells,STAT2_regulon,0.019383185,0.02221129,-0.19648767,-6.9591587010728135,3.4231073136035365e-12,1877,3373,4.696821662851364e-12
Squamous Cells,CEBPB_regulon,0.035154223,0.03238149,0.11852861,6.697011365729965,2.1272508261817277e-11,1877,3373,2.852449971470953e-11
Squamous Cells,NOTCH1_regulon,0.03295054,0.03910325,-0.24698652,-6.301073514697571,2.955911440499191e-10,1877,3373,3.8755283330989396e-10
Squamous Cells,RUNX3_regulon,0.042013012,0.047039572,-0.16303875,-6.293587933444848,3.102106444537548e-10,1877,3373,3.978788700602507e-10
Squamous Cells,CEBPA_regulon,0.00193597,0.001885991,0.037733942,3.8747382451440244,0.00010673937048506817,1877,3373,0.00013399197571529835
Squamous Cells,TP63_regulon,0.057134356,0.060025904,-0.07122666,-3.8167724877783895,0.00013520873887283054,1877,3373,0.00016619407486452087
Squamous Cells,NFKB1_regulon,0.026956368,0.024715895,0.12518705,3.5514618293934634,0.00038309755572561596,1877,3373,0.0004612807303634968
Squamous Cells,ATF6_regulon,0.060177706,0.062806144,-0.06167661,-3.100417561042478,0.0019324799987527523,1877,3373,0.002280326398528248
Squamous Cells,IRF3_regulon,0.02407404,0.024849696,-0.0457499,-2.7487092357875995,0.005983043466957737,1877,3373,0.006921560089225617
Squamous Cells,IRF7_regulon,0.06560462,0.06347683,0.047567282,2.388061910584989,0.016937488261210613,1877,3373,0.01921753475791204
Squamous Cells,FOSL1_regulon,0.034357876,0.032777123,0.067951605,2.1709610553188106,0.02993411638772377,1877,3373,0.033322884280673634
Squamous Cells,TBX21_regulon,0.011789951,0.011223649,0.07101596,2.0507832781256528,0.040288056711628085,1877,3373,0.04401843233307513
Squamous Cells,MEF2A_regulon,0.053812493,0.05465208,-0.022335237,-1.5875416920989096,0.11239001212805423,1877,3373,0.12056383119191272
Squamous Cells,HES6_regulon,0.004871085,0.006273698,-0.365073,-1.36172032466268,0.17328616449337741,1877,3373,0.1825693518769512
Squamous Cells,STAT1_regulon,0.09256211,0.09082798,0.027284922,1.14908421963607,0.25052125468909914,1877,3373,0.25931147415187455
Squamous Cells,IRF8_regulon,0.009871296,0.009626757,0.036189545,-1.1003424462760123,0.2711829446608064,1877,3373,0.27585851267219963
Squamous Cells,BACH1_regulon,0.06605915,0.067926995,-0.040226623,0.30394499716008777,0.7611697956822183,1877,3373,0.7611697956822183
T Cells,EHF_regulon,0.075377494,0.09296459,-0.3025475,-10.25347825514461,1.1415994089206273e-24,908,567,6.735436512631701e-23
T Cells,STAT3_regulon,0.04857712,0.061469413,-0.33959174,-8.594077069283095,8.393667816989994e-18,908,567,2.476132006012048e-16
T Cells,MYB_regulon,0.01784996,0.027025666,-0.5984094,-8.258866719924095,1.4706202475012495e-16,908,567,2.8922198200857905e-15
T Cells,FOXJ1_regulon,0.019032722,0.02831871,-0.57327366,-8.043666073896995,8.718990795068143e-16,908,567,1.286051142272551e-14
T Cells,ATF6_regulon,0.04129188,0.052414373,-0.34410432,-7.9666964997705145,1.6297225785651637e-15,908,567,1.3736233162192093e-14
T Cells,LEF1_regulon,0.007982988,0.0045029237,0.8260668,7.991955086545082,1.328154284883135e-15,908,567,1.3736233162192093e-14
T Cells,TCF7_regulon,0.00918053,0.005,0.8766494,7.967576152046245,1.6181674675881454e-15,908,567,1.3736233162192093e-14
T Cells,BACH2_regulon,0.0100395605,0.005376404,0.90098256,7.7372329204154875,1.016038208536559e-14,908,567,7.493281787957123e-14
T Cells,FOSL1_regulon,0.016304776,0.011586142,0.49289447,7.6296011812492335,2.3548105187012142e-14,908,567,1.5437091178152404e-13
T Cells,MEF2C_regulon,0.0055281995,0.0034658404,0.6736044,7.385120680901366,1.5231517205345812e-13,908,567,8.986595151154029e-13
T Cells,EBF1_regulon,0.0066611115,0.0036818902,0.8553163,7.2475179320548415,4.244782677831403e-13,908,567,2.2767470726550253e-12
T Cells,IRF7_regulon,0.019880595,0.01522626,0.3847993,7.179973203739767,6.972508346204434e-13,908,567,3.428149936883847e-12
T Cells,IRF9_regulon,0.0042442903,0.0022547108,0.9125809,7.045135076331254,1.852816796558359e-12,908,567,7.808299356924514e-12
T Cells,PAX5_regulon,0.002755043,0.001460596,0.91551775,7.0546227544480695,1.7306960877735642e-12,908,567,7.808299356924514e-12
T Cells,KLF15_regulon,0.0063434676,0.0039780005,0.6732283,6.982679764754338,2.8960203886195856e-12,908,567,1.1391013528570368e-11
T Cells,FOSL2_regulon,0.07716033,0.08884387,-0.20341295,-6.603046975470912,4.027918367113785e-11,908,567,1.4852948978732083e-10
T Cells,TP63_regulon,0.026298255,0.033574905,-0.3524163,-6.5909831728323125,4.369234118566991e-11,908,567,1.5163812529144264e-10
T Cells,SOX2_regulon,0.020192152,0.027200641,-0.42984596,-6.260422414073606,3.8393605429342963e-10,908,567,1.258457066850686e-09
T Cells,NKX2-1_regulon,0.016521128,0.0115434425,0.5172387,6.1940086672559,5.865299937839349e-10,908,567,1.8213299806974823e-09
T Cells,NFKB2_regulon,0.028700875,0.02349949,0.28846523,5.919996983365628,3.219475239268002e-09,908,567,9.497451955840605e-09
T Cells,SPDEF_regulon,0.017094541,0.022788918,-0.41479674,-5.859489473256403,4.642923151530179e-09,908,567,1.3044403140013362e-08
T Cells,ELF3_regulon,0.07606452,0.08436508,-0.14942226,-5.784656197513841,7.266078084616582e-09,908,567,1.948630031783538e-08
T Cells,RELB_regulon,0.0133930845,0.01044579,0.35856655,5.7025343743437915,1.1803909773657026e-08,908,567,3.027959463677237e-08
T Cells,CEBPB_regulon,0.029233277,0.033525247,-0.19763638,-5.623742663360439,1.8686395624158974e-08,908,567,4.5937389242724145e-08
T Cells,GATA2_regulon,0.009613087,0.0069295927,0.47222924,5.415704900150008,6.104771602939265e-08,908,567,1.4407260982936663e-07
T Cells,KLF5_regulon,0.022749245,0.028925557,-0.3465261,-5.341248618239902,9.230855501972942e-08,908,567,2.0946941331400138e-07
T Cells,HES1_regulon,0.09114204,0.079775356,0.1921736,5.289600463193398,1.2258383653028577e-07,908,567,2.67868383529143e-07
T Cells,ASCL3_regulon,0.015354741,0.010880441,0.49694714,5.057560759316587,4.2465315092850574e-07,908,567,8.948048537422085e-07
T Cells,RUNX3_regulon,0.17393883,0.19179684,-0.14099894,-4.50293999946806,6.701980976698325e-06,908,567,1.3635064745696593e-05
T Cells,EOMES_regulon,0.024580628,0.02182447,0.17157508,3.7782950211817714,0.00015790574749520323,908,567,0.00031054797007389973
T Cells,XBP1_regulon,0.023385406,0.027883831,-0.25382042,-3.6078309766061447,0.0003087675240854551,908,567,0.0005876543200336081
T Cells,GATA3_regulon,0.0033878682,0.004439803,-0.39011788,-3.44522097020669,0.0005705927327212967,908,567,0.0010520303509548908
T Cells,IRF8_regulon,0.0523561,0.05753481,-0.13607739,-3.317043067171571,0.0009097559175455716,908,567,0.001626533307126931
T Cells,CEBPD_regulon,0.045351695,0.04182911,0.11664919,3.14004446283337,0.001689221944601912,908,567,0.0029312969038680237
T Cells,IRF1_regulon,0.07910662,0.07288105,0.118254684,3.110764608512602,0.001866036249994007,908,567,0.003058226076379067
T Cells,KLF6_regulon,0.28185385,0.2973227,-0.077082284,-3.1187443112995927,0.0018162349789660726,908,567,0.003058226076379067
T Cells,JUN_regulon,0.116104074,0.124276675,-0.09813693,-3.087265326289497,0.0020200720237728087,908,567,0.0032211959297998843
T Cells,TBX21_regulon,0.0762697,0.08159659,-0.09739883,-2.9152304740786366,0.0035542595918030147,908,567,0.0055184556820099435
T Cells,FOS_regulon,0.10049995,0.106933765,-0.08952268,-2.485080511246075,0.012952213784356383,908,567,0.019594374699410937
T Cells,JUNB_regulon,0.14325166,0.14979208,-0.06440949,-2.385742636393858,0.01704467451765546,908,567,0.0251408949135418
T Cells,ATF3_regulon,0.18446773,0.19235148,-0.060376402,-2.336670605869138,0.019456318068813074,908,567,0.027859497054351836
T Cells,STAT1_regulon,0.067681134,0.07093475,-0.06773883,-2.32950772305247,0.019832184343775882,908,567,0.027859497054351836
T Cells,MEF2A_regulon,0.04032025,0.04197972,-0.05818787,-2.0255878617873373,0.042807036441710994,908,567,0.05873523604792904
T Cells,BACH1_regulon,0.04412184,0.042087395,0.06810467,1.767535583471046,0.07713857520844987,908,567,0.10113724305107873
T Cells,IRF3_regulon,0.012281185,0.011739766,0.06504612,1.7697975464657834,0.07676087276875405,908,567,0.10113724305107873
T Cells,KLF4_regulon,0.10825064,0.11121601,-0.03898888,-1.5514552851682155,0.12079261514418696,908,567,0.15492965855450067
T Cells,STAT2_regulon,0.014553095,0.0142546175,0.029896658,1.5228037539015418,0.12780781053444776,908,567,0.16043959194749827
T Cells,MAFB_regulon,0.07857654,0.08119535,-0.047298383,-1.4639298837329602,0.14321310723600011,908,567,0.17603277764425015
T Cells,HES6_regulon,0.0063065155,0.005809431,0.11844623,1.161455165492243,0.245456845945344,908,567,0.29555007981174075
T Cells,NFKB1_regulon,0.060394157,0.062113155,-0.040489882,-1.1098698427511484,0.267055117420252,908,567,0.3151250385558974
T Cells,ATF4_regulon,0.1741162,0.1771728,-0.0251067,-1.0747465840273094,0.2824882012992884,908,567,0.3268000760129023
T Cells,NR4A1_regulon,0.192288,0.19564953,-0.025002928,-1.046974705036367,0.2951112447052415,908,567,0.32852006486055185
T Cells,NR4A2_regulon,0.19188921,0.19584355,-0.02942801,-1.0501163203068355,0.29366463609541926,908,567,0.32852006486055185
T Cells,NR4A3_regulon,0.17179124,0.1759185,-0.034250762,-0.9979655068170568,0.3182960849973867,908,567,0.34776794471936695
T Cells,CEBPA_regulon,0.0008732321,0.0009259259,-0.084531605,0.6668392573096659,0.5048748139645054,908,567,0.541592982252833
T Cells,REL_regulon,0.08767593,0.08836374,-0.011273626,-0.487013199228043,0.6262489771791225,908,567,0.6597980295280041
T Cells,SPI1_regulon,0.06103046,0.060400072,0.01497922,0.32063325450402574,0.7484883336450185,908,567,0.7747510821939666
T Cells,RELA_regulon,0.019006493,0.018462127,0.041923627,0.12302565399155053,0.9020867833284133,908,567,0.9176400037306274
T Cells,NOTCH1_regulon,0.03332295,0.033450756,-0.005522773,0.04693573214080095,0.9625644493344399,908,567,0.9625644493344399
