detailed,ASCL3_regulon,ATF3_regulon,ATF4_regulon,ATF6_regulon,BACH1_regulon,BACH2_regulon,CEBPB_regulon,CEBPD_regulon,EHF_regulon,ELF3_regulon,FOS_regulon,FOSL1_regulon,FOSL2_regulon,FOXJ1_regulon,GATA3_regulon,HES1_regulon,IRF1_regulon,IRF7_regulon,IRF8_regulon,JUN_regulon,JUNB_regulon,KLF15_regulon,KLF4_regulon,KLF5_regulon,KLF6_regulon,MAFB_regulon,MEF2C_regulon,MYB_regulon,NFKB1_regulon,NFKB2_regulon,NKX2-1_regulon,NR4A1_regulon,NR4A2_regulon,NR4A3_regulon,REL_regulon,RELA_regulon,RELB_regulon,SOX2_regulon,SPDEF_regulon,STAT1_regulon,STAT2_regulon,STAT3_regulon,XBP1_regulon,CEBPA_regulon,EOMES_regulon,GATA2_regulon,IRF3_regulon,LEF1_regulon,MEF2A_regulon,NOTCH1_regulon,RUNX3_regulon,SPI1_regulon,TP63_regulon,EBF1_regulon,HES6_regulon,TCF7_regulon,TBX21_regulon,IRF9_regulon,PAX5_regulon
AZGP1 SCGB3A1 LTF high Goblet Cells,0.01806928,0.26524436,0.23165144,0.07426692,0.039119225,0.0030249732,0.03783029,0.19809882,0.20172799,0.21413267,0.15158297,0.01804914,0.12157895,0.07841971,0.002788668,0.32159775,0.10616273,0.058208913,0.013273362,0.1717884,0.20701262,0.0023778195,0.2702202,0.21869361,0.23372315,0.08466166,0.0019280344,0.027639635,0.027682599,0.07278329,0.008621106,0.19881311,0.09338077,0.04645542,0.08263158,0.03319952,0.019109828,0.058386147,0.19291891,0.12763292,0.030476639,0.12344925,0.17488855,0.0013050482,0.0025886146,0.004147422,0.017777927,0.0024503223,0.04857814,0.03754968,0.04338077,0.035099357,0.086259395,0.0018367348,0.00935956,0.0030075186,0.0080759935,0.0012969925,0.00051154674
AZGP1 high Goblet Cells,0.010995097,0.18019558,0.19509728,0.06529846,0.037560962,0.0020122943,0.03517349,0.23369741,0.2419084,0.32451013,0.10792013,0.01097973,0.178038,0.1086597,0.011593046,0.36802363,0.072317235,0.09752299,0.008355263,0.109784216,0.1556767,0.0016171765,0.23158364,0.31941286,0.18572685,0.066976346,0.0014443203,0.03448499,0.016519507,0.13969456,0.0067021437,0.13096221,0.057939317,0.021170495,0.09115233,0.04843731,0.04506617,0.07637396,0.32646528,0.11807255,0.033081055,0.11127997,0.26557776,0.00048630865,0.0024787898,0.0033946352,0.019366492,0.001685252,0.042777255,0.030388767,0.040558957,0.038107853,0.0954068,0.0016720433,0.005755182,0.0019814316,0.004888107,0.0008467537,0.0006523064
B Cells,0.013285767,0.17094143,0.17651965,0.04086731,0.047262788,0.004883247,0.038409933,0.044421792,0.083598964,0.075783916,0.09512046,0.014488511,0.08377132,0.02403447,0.0031171239,0.09517421,0.07106746,0.025824685,0.11324685,0.11208858,0.15581727,0.0037416606,0.10422165,0.02670126,0.2564307,0.0940252,0.0032505558,0.019418087,0.09948295,0.038739808,0.018413639,0.1727298,0.14138806,0.14517605,0.10503521,0.015761675,0.016136026,0.021467755,0.017323945,0.077839136,0.021682728,0.05197739,0.029534841,3.150482e-05,0.0045237215,0.00608043,0.014347664,0.00363232,0.04243699,0.03558747,0.13976835,0.09792995,0.03983321,0.0032505558,0.005989622,0.0040233503,0.044594143,0.0015770942,0.0018717569
BEST4 high Cilia high Ciliated Cells,0.010320805,0.10374666,0.10545767,0.072384946,0.020246385,0.0019257263,0.033770435,0.04793716,0.1452525,0.1757933,0.49226013,0.0017671965,0.08487111,0.5103156,0.000925368,0.061381742,0.03560611,0.012357999,0.002743861,0.46889338,0.36054903,0.0021950724,0.07715371,0.35868615,0.123812206,0.050042994,0.001678853,0.5292852,0.011608178,0.0067930073,0.0074178446,0.21644478,0.027370133,0.00903677,0.051826227,0.02075666,0.00372883,0.3590989,0.30233178,0.082820565,0.03913008,0.09818191,0.3753642,0.00034759316,0.0015272441,0.004020486,0.06861288,0.0017833181,0.057605036,0.09220501,0.022955805,0.008271642,0.03001661,0.0012558625,0.009502508,0.0021083571,0.0021571293,0.00064356433,0.00048698866
BPIFA1 and Chemokine high Secretory Cells,0.013668507,0.2889674,0.22734839,0.059214316,0.037066817,0.002829218,0.04036225,0.22109053,0.1626998,0.23939951,0.16384123,0.027263375,0.13707006,0.0715443,0.0030680096,0.4113001,0.13158491,0.047531947,0.011652588,0.168342,0.24847196,0.0022487547,0.29199374,0.24437352,0.26066494,0.08643167,0.0019352393,0.019426575,0.028135695,0.08535521,0.0066596274,0.21832845,0.09410277,0.04786225,0.09850065,0.03265053,0.026739225,0.051857267,0.23673327,0.10468595,0.015207386,0.103067465,0.24613927,0.00040015162,0.0028649557,0.00332846,0.010717998,0.0021843188,0.04940492,0.039236516,0.049192656,0.0379256,0.071643926,0.0013493611,0.01147336,0.0025508988,0.0079163965,0.0006075374,0.0004050249
BPIFA1 high Secretory Cells,0.03227815,0.14636217,0.1564598,0.07960371,0.044902895,0.018319393,0.04248209,0.12503438,0.14330283,0.17698683,0.11468591,0.023279328,0.09923423,0.101611555,0.0039270776,0.19711499,0.075851694,0.041588888,0.012255477,0.108235024,0.14595728,0.010797963,0.12842375,0.16348709,0.17774473,0.05061845,0.009966251,0.061595716,0.035966706,0.06546203,0.026604412,0.11623411,0.06490942,0.04173413,0.05758344,0.0461633,0.029291067,0.07844103,0.14862178,0.114652574,0.01589776,0.09777672,0.15039898,0.0012062612,0.016012257,0.016027577,0.023658847,0.014061969,0.07243426,0.037979316,0.048332952,0.044206075,0.047128454,0.012293677,0.007516771,0.016248085,0.013714647,0.007892355,0.0047455383
Basal Cells,0.029557176,0.21236882,0.20193517,0.07261866,0.037408106,0.006958044,0.038119454,0.14809184,0.13493697,0.11601871,0.124858454,0.027471209,0.07940614,0.036920384,0.005277942,0.18578154,0.06704263,0.017495953,0.009942731,0.14692256,0.18121122,0.004911995,0.20022176,0.08991036,0.19991559,0.10239091,0.0042320024,0.021645477,0.028570296,0.031392433,0.017382272,0.17419715,0.062348112,0.022451136,0.04149538,0.024850758,0.01688529,0.0395108,0.059402876,0.08908198,0.026769975,0.10167465,0.07432001,0.0129267955,0.0048246915,0.008966588,0.02290524,0.0054881102,0.05370654,0.09959196,0.03635314,0.03213623,0.18699002,0.004507143,0.0077893026,0.0063678455,0.003929394,0.002674064,0.0016669519
CCL5 high Squamous Cells,0.025372285,0.14581299,0.15263326,0.07107683,0.048106972,0.015951965,0.035835747,0.093606755,0.16763505,0.19878025,0.1791522,0.02658535,0.15783836,0.16577633,0.02669143,0.1441206,0.062405087,0.046542086,0.01252813,0.1779797,0.19144821,0.009663886,0.14552757,0.19795915,0.17605515,0.0576469,0.009042736,0.14414153,0.029269416,0.11583983,0.025476383,0.14777608,0.0715193,0.041979324,0.06727157,0.052530263,0.062963314,0.15255421,0.15843508,0.09732279,0.017427921,0.09322925,0.1559458,0.0019810025,0.014890109,0.015497233,0.02753701,0.012046907,0.06162141,0.045702565,0.04950418,0.036433876,0.04908558,0.011139118,0.0071334313,0.01430395,0.0148889655,0.0071938084,0.004607169
CD8 T Cells,0.017735085,0.1561947,0.15708926,0.048596315,0.042214014,0.0116633,0.030427534,0.04255772,0.081683114,0.076468095,0.0885298,0.014300913,0.07349098,0.025718633,0.00372396,0.07510036,0.06618067,0.017059086,0.04415228,0.10067692,0.12608412,0.0074732383,0.09100698,0.028010966,0.24423899,0.06740463,0.006604266,0.024090886,0.05184919,0.025866741,0.019589389,0.1587784,0.1593955,0.14050336,0.07423834,0.021404995,0.013280815,0.025906622,0.02054665,0.07066826,0.013958125,0.056046598,0.026202971,0.0010490895,0.02321496,0.011529097,0.015075038,0.009235845,0.044326756,0.03299719,0.15398107,0.0529072,0.028459359,0.007702419,0.0056979065,0.010630609,0.064584665,0.0048752427,0.0031083068
Cilia high Ciliated Cells,0.01758545,0.08642256,0.09470614,0.07775023,0.029530551,0.008445781,0.036453795,0.04129719,0.13595085,0.15317537,0.4401641,0.0064047943,0.07967544,0.4648979,0.0013929976,0.046841502,0.03770652,0.011049304,0.0031417876,0.40612492,0.31513542,0.0057987752,0.060126662,0.31322762,0.10302753,0.041900106,0.0051298398,0.48699948,0.01664557,0.011528131,0.014621825,0.18548065,0.019225726,0.008419464,0.043924984,0.027660768,0.0077927257,0.32802737,0.26201415,0.09150393,0.02420357,0.092691995,0.33535293,0.00066651544,0.005802858,0.008672112,0.04782736,0.0066346037,0.06051157,0.08797807,0.018404568,0.01071219,0.028580839,0.005457804,0.006913264,0.00794941,0.0021123714,0.0034219602,0.002191319
Dendritic Cells,0.013384915,0.2409924,0.18840902,0.025824685,0.09694403,0.0020024092,0.085294664,0.055937734,0.067790955,0.08135471,0.12625834,0.018263528,0.119033545,0.015064863,0.003274648,0.1511805,0.11381857,0.019416235,0.16320515,0.1557626,0.22648443,0.0020283542,0.16878244,0.023932543,0.3202891,0.20206356,0.0018467383,0.009126205,0.17927817,0.086781874,0.007995738,0.2518032,0.17219885,0.20841086,0.1792587,0.011999629,0.036947742,0.01846831,0.017605634,0.06143718,0.015587472,0.04923091,0.027644552,0.00030392883,0.0026278724,0.0024768347,0.010373425,0.001799481,0.031414937,0.029827649,0.15523906,0.22556987,0.030452188,0.0016187917,0.0046126763,0.002086731,0.02629633,0.00072646403,0.0004002965
Deuterosomal Cells,0.018907648,0.10703823,0.12134806,0.06488151,0.031854518,0.010692877,0.034432158,0.09540241,0.14218606,0.16512007,0.1881123,0.011931705,0.07828383,0.19788188,0.004305543,0.1342805,0.045686785,0.033425115,0.004946059,0.17404352,0.16632572,0.006251918,0.09657285,0.19236729,0.11819378,0.04209917,0.0059916945,0.18445066,0.016341293,0.03540399,0.017772863,0.119820125,0.032944165,0.015257065,0.04777602,0.026754536,0.015544597,0.14059019,0.17030333,0.09789541,0.02508125,0.090387516,0.19376749,0.0008560531,0.0074954857,0.0107262805,0.03013,0.007962445,0.054045543,0.05337953,0.024627155,0.023629593,0.047816873,0.007910987,0.06625304,0.00974113,0.0037241583,0.0047679874,0.0029118895
Developing Ciliated Cells,0.027881285,0.11140356,0.13473889,0.06262322,0.035698656,0.019528821,0.03328094,0.0828973,0.11616178,0.13585736,0.20199922,0.021866072,0.06887803,0.1966809,0.0020374253,0.117680706,0.058770347,0.026536955,0.005949697,0.19491066,0.18907975,0.010432189,0.10495508,0.16731171,0.13011776,0.04806141,0.010756869,0.19625601,0.02589292,0.034656953,0.026731558,0.14418827,0.04804694,0.022203589,0.054308273,0.034939263,0.01842457,0.15679727,0.13415219,0.10014196,0.01906611,0.08845878,0.1643649,0.0013197497,0.014091785,0.017897263,0.030099213,0.014295776,0.06217177,0.056534324,0.030378249,0.029767705,0.022962643,0.014216637,0.00998054,0.017148826,0.0054322574,0.00914723,0.0050419937
Developing Secretory and Goblet Cells,0.025496176,0.14402774,0.1559849,0.08603545,0.03316243,0.0063579204,0.03886602,0.11127431,0.15444744,0.1095505,0.074920274,0.0077083874,0.07122083,0.03929835,0.003282992,0.11103546,0.04162432,0.0153014,0.0042367773,0.09249417,0.11051659,0.0047715195,0.1123749,0.077260174,0.15710364,0.056463894,0.004163858,0.026390977,0.020791741,0.016725434,0.017316243,0.095040515,0.034794208,0.009992222,0.02709392,0.026856367,0.009901478,0.041767567,0.047381707,0.1000606,0.046346255,0.10998056,0.066401996,0.0059800367,0.0042837695,0.008884496,0.038513415,0.0051860255,0.06611194,0.089227706,0.027949506,0.020148432,0.1513161,0.003667358,0.010749287,0.0060299453,0.0025175004,0.002006741,0.0013835235
Early Response FOXJ1 high Ciliated Cells,0.01009897,0.20983039,0.20100008,0.070338346,0.019625911,0.0014797648,0.030441089,0.117896944,0.1560193,0.18676427,0.5018107,0.0076068724,0.09541724,0.45086452,0.0015714001,0.16694385,0.07758173,0.017700288,0.008143013,0.48762095,0.42242703,0.0012951413,0.20223415,0.32920575,0.20689544,0.093189575,0.0010447995,0.4740036,0.016298631,0.012857215,0.0052813143,0.32307488,0.086651854,0.034456026,0.07312215,0.020415457,0.0052612354,0.35309765,0.2744292,0.09862632,0.02001175,0.12528053,0.35418126,0.00033813226,0.0013563026,0.0028819207,0.030560063,0.0012430224,0.04197098,0.08642936,0.035631053,0.019676607,0.026875,0.0012514241,0.01720594,0.0014018712,0.004343458,0.00055251765,0.00035685804
Early Response Secretory Cells,0.011062419,0.31716463,0.26652697,0.062831014,0.041254893,0.0014117007,0.033530448,0.24401043,0.20896672,0.2660248,0.18820423,0.031392343,0.17063963,0.07082841,0.007441061,0.40397608,0.12641126,0.070775986,0.009819705,0.20805436,0.2612775,0.0011515877,0.34163943,0.25529143,0.27341345,0.09201675,0.0009356242,0.019844932,0.020054372,0.10063202,0.004901914,0.25623575,0.10697194,0.048785992,0.10147912,0.03609091,0.029333623,0.054804046,0.23468769,0.12184624,0.033343412,0.11379752,0.21885101,0.00043497173,0.001084167,0.0024593303,0.015382122,0.0011907351,0.04276903,0.040225968,0.042561114,0.027093736,0.09016181,0.0012548935,0.00604154,0.0013281861,0.0067725093,0.0005134841,0.00029752066
Early Response T Cells,0.004839402,0.2774046,0.22705795,0.0403208,0.04586063,0.000795834,0.030153044,0.049696695,0.08183177,0.083324455,0.14373946,0.017032517,0.10668945,0.015289792,0.003761727,0.113343544,0.10157378,0.014363173,0.07015662,0.16938145,0.1936361,0.00095484173,0.15897718,0.01794721,0.40388218,0.10478255,0.0006344411,0.015066386,0.079112336,0.026408808,0.0035502464,0.2917109,0.29064557,0.26999405,0.12000955,0.013118939,0.009026078,0.01578669,0.015488551,0.05778184,0.011543965,0.04707744,0.020979488,0.00038161868,0.023826523,0.0019430752,0.005215853,0.0008125298,0.033616237,0.034553584,0.2481571,0.07249483,0.030475432,0.0007036095,0.006236286,0.00095285417,0.10768444,0.00040705994,0.00041063764
Enteroendocrine Cells,0.031967264,0.01851733,0.030507062,0.02021502,0.024553915,0.019428754,0.006222721,0.02478498,0.022605905,0.015057766,0.027442234,0.012394096,0.008193197,0.026896663,0.0043966626,0.027140565,0.04546855,0.012259307,0.010728498,0.028360076,0.033064827,0.011460206,0.00923941,0.02084724,0.015587292,0.0129492935,0.012769577,0.028931322,0.0133311935,0.015192555,0.04318357,0.01889923,0.015410784,0.013084082,0.018372914,0.011880616,0.01605905,0.016752247,0.02317715,0.038116172,0.006960847,0.029335687,0.025333762,0.0036521184,0.014881258,0.03140244,0.021174582,0.01657253,0.014274711,0.02211489,0.02279525,0.022894736,0.011928755,0.02029204,0.0059884465,0.015314506,0.013889602,0.051498715,0.011498717
FFAR4 high Macrophages,0.030328948,0.11891447,0.12160526,0.056993417,0.09419079,0.0010855263,0.12808552,0.036736842,0.11609211,0.101789474,0.04414474,0.0007828947,0.09080263,0.0068947366,0.0038421054,0.061013155,0.0692171,0.018335527,0.21870394,0.05574342,0.11394737,0.00048026317,0.06268421,0.016697368,0.24640131,0.28196055,6.578948e-05,0.008230263,0.20384869,0.024631578,0.0065855263,0.10177632,0.120953955,0.13100657,0.10839474,0.007013158,0.0051513156,0.007901316,0.016618421,0.089388154,0.0145460535,0.07450658,0.027907897,0.0061973687,0.0,0.00225,0.0073815794,2.6315789e-05,0.021453947,0.041052632,0.17060527,0.32088158,0.112,0.0,0.005453947,0.00047368422,0.021625001,0.00056578947,0.0006842105
FOXJ1 high Ciliated Cells,0.013724515,0.10368749,0.12686689,0.0715716,0.02453446,0.004480507,0.033141416,0.07334081,0.15273985,0.17983368,0.4300603,0.0044640275,0.0793599,0.45712304,0.0015336833,0.087604105,0.0434822,0.01956149,0.007939926,0.4066528,0.32807088,0.003351143,0.10046166,0.32526377,0.12466648,0.05958733,0.002868488,0.4784289,0.017834708,0.013651474,0.009866818,0.20855983,0.039797727,0.01587892,0.056511387,0.022511074,0.0068928506,0.34814057,0.27278677,0.0991584,0.026429472,0.11473345,0.34785798,0.00043690624,0.003208677,0.0055536455,0.0437445,0.0036730994,0.050603088,0.086331226,0.028337833,0.019184053,0.029489456,0.003013005,0.01438297,0.0042113094,0.0026457848,0.0017339041,0.0010936451
HOPX high Squamous Cells,0.0062176147,0.19193743,0.19452317,0.036942318,0.11715842,0.00047967248,0.023132639,0.12453132,0.33928037,0.36367565,0.0710895,0.042905126,0.4823163,0.07486944,0.14068009,0.2403701,0.08978409,0.114627056,0.002686777,0.09210363,0.18143535,0.00055381295,0.2598672,0.2784176,0.20266072,0.056336973,0.0004106241,0.022733828,0.014985335,0.4417372,0.0030902722,0.115276806,0.05562673,0.03296134,0.19897711,0.124610156,0.25707388,0.118166044,0.18527476,0.08699364,0.035108157,0.08101556,0.13273321,0.0014909565,0.00038516376,0.0011677122,0.018603755,0.00041286458,0.036396652,0.011465292,0.037693907,0.037341736,0.071795054,0.0004391396,0.0025934903,0.0004975966,0.002763158,0.00022466188,0.0001882027
ITGAX high Macrophages,0.019909147,0.15331236,0.13362178,0.035732843,0.098860376,0.008431175,0.13791619,0.04925029,0.08105263,0.09731444,0.072693035,0.011222527,0.08612638,0.036997784,0.0022431077,0.09267809,0.068536006,0.033326104,0.12206165,0.09994505,0.14342828,0.006008049,0.10768652,0.03890423,0.22627917,0.27571622,0.005103865,0.022255639,0.17257832,0.08129747,0.0156056,0.12931655,0.0862165,0.09162763,0.10860059,0.016429776,0.03959948,0.04032991,0.031059138,0.060709223,0.02458719,0.051906932,0.02645002,0.00078176206,0.0058195973,0.008034992,0.02278364,0.0067611337,0.04569043,0.034508627,0.10009109,0.27913508,0.03886519,0.0056205415,0.0037584344,0.0076202527,0.011017206,0.0030875264,0.0018228263
Inflammatory Macrophages,0.010392366,0.26048365,0.16901553,0.020200925,0.13539177,0.0028828827,0.14825155,0.059849456,0.06523945,0.08928817,0.12633356,0.0139147695,0.12941797,0.027486367,0.0019997628,0.14576398,0.1293913,0.028612493,0.15350759,0.1521752,0.2303177,0.0024259128,0.17942508,0.033885136,0.3237921,0.3359335,0.0020045044,0.014233049,0.22891062,0.100720726,0.006833807,0.22164473,0.14781947,0.15904932,0.17244665,0.010790067,0.047841392,0.03220958,0.027747154,0.04670519,0.018332742,0.046760313,0.026145093,0.00034969178,0.0029380037,0.0028384307,0.0133896405,0.002607871,0.029950213,0.031807136,0.124579184,0.33528745,0.032694995,0.00174431,0.003958037,0.0028467283,0.011666073,0.00094831677,0.00051564723
Interferon Responsive Ciliated Cells,0.01111594,0.123633005,0.1391865,0.07045417,0.023886045,0.0029397872,0.035385408,0.0891108,0.16678505,0.1966361,0.41951793,0.004530742,0.09051729,0.43925488,0.0016469199,0.12081894,0.0685181,0.05778191,0.009893526,0.39809936,0.3293568,0.0022404143,0.121866114,0.3314813,0.1404766,0.06282339,0.0019793403,0.4522154,0.018367965,0.028123263,0.007781416,0.21355829,0.04488648,0.017424189,0.059538186,0.0260824,0.016263794,0.33087382,0.2817125,0.14033748,0.047541082,0.119131744,0.35000306,0.0003870961,0.0023257523,0.0040745814,0.043695025,0.0024116854,0.051267765,0.081887156,0.028724497,0.020629117,0.0364301,0.0019643565,0.014900572,0.0027737755,0.0029481226,0.0010316941,0.00064717786
Interferon Responsive Cytotoxic CD8 T Cells,0.0051147817,0.19911908,0.18324654,0.036338188,0.0454302,0.0014371034,0.035838,0.04086133,0.086093694,0.08952967,0.11001586,0.009875887,0.08092479,0.017600784,0.0043495707,0.10742721,0.093278274,0.034187198,0.08975177,0.13363943,0.17339493,0.0014445689,0.12375607,0.02142964,0.32516703,0.10705954,0.0010684957,0.01688783,0.08414987,0.03332587,0.0051278463,0.21077827,0.20710152,0.18042088,0.11012598,0.013576895,0.012591452,0.018067375,0.019206792,0.08275476,0.024649123,0.050807204,0.027080068,0.0009882419,0.02498227,0.0031980218,0.0068159765,0.0019092944,0.03423106,0.03326521,0.21349105,0.0893673,0.030380739,0.0012588653,0.008801792,0.001368981,0.107065134,0.0007633445,0.00054031354
Interferon Responsive Macrophages,0.009768739,0.22843301,0.16370814,0.022057416,0.12440989,0.0010685805,0.13295454,0.0563118,0.07604864,0.08609649,0.12364035,0.01299043,0.1230941,0.026451355,0.0018381181,0.13099681,0.14102472,0.066379584,0.17475677,0.15223683,0.21419457,0.0008692185,0.16187401,0.032332536,0.29789075,0.2961842,0.001076555,0.019413875,0.20775917,0.10064194,0.004952153,0.21202154,0.14696969,0.15000796,0.17125598,0.008253589,0.057607654,0.030354865,0.025833335,0.11841707,0.052137163,0.054385964,0.025665868,0.007308612,0.0027352471,0.0013476874,0.011989634,0.0009848485,0.025877194,0.024852473,0.12787879,0.29819778,0.031000799,0.0006858054,0.004015152,0.0009848486,0.018297449,0.00041068578,0.00012360446
Interferon Responsive Secretory Cells,0.015533943,0.16467963,0.16218917,0.062523834,0.037236843,0.00585431,0.035509154,0.18102689,0.22854501,0.29191455,0.08290427,0.015793288,0.16336384,0.09109458,0.0067753624,0.3239874,0.095872425,0.10000763,0.0051086955,0.08754863,0.1379691,0.004520404,0.20144737,0.27381483,0.16890922,0.050778985,0.0039206715,0.024121853,0.022702135,0.1364426,0.011808734,0.09489703,0.041307207,0.018083524,0.09241991,0.058166478,0.050592106,0.058629867,0.27376047,0.13840389,0.044434592,0.101365365,0.22749715,0.00039569032,0.004778795,0.0055520595,0.02339531,0.0052440884,0.06200324,0.030590199,0.034611937,0.03906274,0.07196987,0.0030520596,0.0064044623,0.005585431,0.0049427915,0.0018735699,0.00091533177
Ionocytes,0.17802697,0.14831059,0.15216264,0.07612914,0.03679132,0.008899221,0.039771136,0.08437838,0.1484547,0.115901925,0.088657506,0.012260255,0.07977114,0.056966428,0.007578486,0.12291849,0.07485622,0.016887613,0.0075570503,0.11324364,0.134598,0.005537858,0.12252011,0.07654696,0.16600646,0.04976784,0.004953502,0.040813547,0.022870664,0.04135767,0.015616344,0.11360375,0.05303456,0.027785914,0.045113772,0.038003232,0.023132173,0.0526451,0.056143977,0.09693015,0.027466033,0.10130755,0.06775689,0.00088345865,0.006327661,0.008895595,0.025371322,0.006664688,0.06440377,0.033116672,0.031670295,0.031822648,0.061856285,0.005536539,0.016115617,0.00731203,0.005035286,0.0033320144,0.0021985886
KRT24 KRT13 high Secretory Cells,0.024839673,0.13032345,0.14400323,0.0657196,0.041509304,0.014956063,0.03488805,0.15119568,0.18029775,0.22231255,0.06362134,0.024847854,0.12042395,0.06339184,0.012527811,0.22226278,0.050871506,0.05160629,0.0038947836,0.06510026,0.104676306,0.00816327,0.15472141,0.19088249,0.13706787,0.040467653,0.0079657845,0.014322707,0.019819109,0.08644807,0.021507198,0.078637004,0.03723731,0.015211976,0.054511312,0.037237074,0.03800248,0.044965647,0.16117673,0.101056136,0.027061792,0.09398967,0.14492264,0.001124147,0.010281154,0.013464756,0.026601851,0.0109332055,0.05973451,0.035586145,0.033110686,0.03222703,0.07013041,0.010288165,0.0046985135,0.013277086,0.0035736654,0.0064310087,0.003469197
MSR1 C1QB high Macrophages,0.017373234,0.2108312,0.16598524,0.026797175,0.11494545,0.005093068,0.12262998,0.06287709,0.07670732,0.093807764,0.11408375,0.013337612,0.10244384,0.02504493,0.008764441,0.13587934,0.092591465,0.030653082,0.168121,0.13967426,0.19307926,0.0031594995,0.15291399,0.03809692,0.2884724,0.2933633,0.003644095,0.015900193,0.19560656,0.07713254,0.011391207,0.20532091,0.14005937,0.15135911,0.14217427,0.013507702,0.032411747,0.028361682,0.028655328,0.061338257,0.015121952,0.048337612,0.03301669,0.00058408215,0.004139923,0.004422336,0.012138961,0.004221759,0.03198973,0.031901475,0.13684691,0.29034176,0.039645378,0.003474005,0.0050369063,0.005,0.018785302,0.0022560975,0.001182606
MUC5AC high Goblet Cells,0.018326549,0.1418322,0.14951955,0.07817894,0.033023946,0.0060791145,0.036957376,0.13995554,0.19264147,0.19128512,0.08310716,0.008126394,0.09405483,0.07164,0.0045030946,0.17946658,0.05064312,0.042729568,0.0044580735,0.08703878,0.101273976,0.0044037136,0.12549022,0.16522288,0.15006134,0.03648152,0.0037578056,0.034624357,0.017671304,0.044145014,0.013213648,0.07968332,0.035324767,0.011887265,0.044013157,0.032580007,0.016038137,0.054256104,0.14372519,0.10875795,0.047286183,0.1113282,0.14020698,0.00086766836,0.0039449986,0.007933904,0.03653908,0.004686803,0.06616498,0.04382499,0.02828794,0.017734723,0.08743533,0.0036705506,0.009811552,0.005519486,0.0025005576,0.0021056812,0.0012841492
Mast Cells,0.017850878,0.2500585,0.19397661,0.034634504,0.06824562,0.008157895,0.06290936,0.069912285,0.082894735,0.07467836,0.14466375,0.020438597,0.098859645,0.031812865,0.0062573096,0.15235381,0.099298246,0.029561404,0.0753655,0.1664766,0.21824561,0.0045906436,0.16309942,0.034239765,0.3069883,0.1630263,0.0044590645,0.015263159,0.103304096,0.05520468,0.010263158,0.24631579,0.16638888,0.16685672,0.121359654,0.0156140365,0.019985382,0.023552634,0.033918127,0.0599269,0.014692982,0.047046784,0.036827486,5.847953e-05,0.0077485386,0.0065643275,0.014444444,0.0060818717,0.037821636,0.037777778,0.11758772,0.13273391,0.037090644,0.005862573,0.0060233916,0.011432748,0.032763157,0.0035964912,0.0016959064
Mitotic Basal Cells,0.028795015,0.151621,0.15965423,0.07771518,0.03929561,0.013831125,0.039486546,0.12293629,0.13410714,0.12249159,0.09317521,0.02140285,0.07231253,0.051087752,0.004668085,0.14722447,0.053383954,0.021827266,0.009466759,0.10156856,0.13022655,0.0076746144,0.13963792,0.09808073,0.1551949,0.069460824,0.007860606,0.031270776,0.026483973,0.031441435,0.022154234,0.11438613,0.04585477,0.016063515,0.034239713,0.03086763,0.017401563,0.046799567,0.07118322,0.09801345,0.021738226,0.09914424,0.08116789,0.008603087,0.010473883,0.014233281,0.025266621,0.009816482,0.059928276,0.073381975,0.031966757,0.030352693,0.113715865,0.010689057,0.037429266,0.012199743,0.0040507517,0.0071685794,0.0043416102
Plasmacytoid DCs,0.010303644,0.22568825,0.19597165,0.03332996,0.062398788,0.0017813765,0.05598178,0.066072874,0.07854251,0.07868421,0.14086032,0.016497975,0.08537449,0.023046557,0.0067307693,0.13867408,0.10813765,0.023147773,0.1412247,0.1717409,0.21371458,0.0019534414,0.15402834,0.022540487,0.29418018,0.15291499,0.0009008097,0.021012146,0.12169028,0.036710527,0.006710526,0.24312752,0.15593117,0.15183198,0.12380567,0.011163969,0.018967612,0.017874494,0.020668017,0.07446356,0.034635626,0.051417008,0.028218623,0.002125506,0.0026518218,0.0036639674,0.014321862,0.0013259109,0.029190283,0.03285425,0.14205466,0.14388664,0.04884615,0.0012044534,0.0073076924,0.0017105264,0.028734816,0.00076923077,0.0017004049
SCGB1A1 high Goblet Cells,0.024984838,0.13440402,0.15608819,0.06902101,0.036211826,0.010556638,0.034436863,0.18238017,0.16234116,0.20195203,0.079629086,0.012725616,0.089148074,0.06247076,0.00391867,0.24485578,0.05216699,0.048690706,0.00556458,0.086883076,0.11006118,0.0065500685,0.14901577,0.18852845,0.14607681,0.04486355,0.0061042523,0.02313082,0.018122338,0.051155876,0.018754242,0.09596527,0.0434391,0.015123457,0.046563786,0.030833874,0.018899357,0.043653708,0.17585444,0.11204751,0.033992313,0.102643855,0.17965148,0.00092177466,0.0073949536,0.011875677,0.028002853,0.008267454,0.05637806,0.047925964,0.03129395,0.024671866,0.0918181,0.007133781,0.006955635,0.009579273,0.003651361,0.004369721,0.0022711356
SERPINB11 high Secretory Cells,0.01624021,0.1678164,0.17248802,0.061331164,0.03819431,0.007943938,0.03821551,0.17361073,0.18287176,0.23778985,0.09323477,0.025109245,0.1264197,0.072143294,0.0071795494,0.28958437,0.07442918,0.053776138,0.0078743445,0.09549767,0.15444164,0.0054335794,0.19273321,0.22380835,0.17218247,0.061015572,0.0048028743,0.018254193,0.026530556,0.0966686,0.015227228,0.11404982,0.04887891,0.019941736,0.07481647,0.039857093,0.03450573,0.04966984,0.19641371,0.10231372,0.026039846,0.094541006,0.18284796,0.0018901728,0.005458827,0.008145756,0.021321617,0.006394769,0.057845533,0.039717905,0.036024958,0.04168075,0.076239236,0.0047070626,0.007196219,0.0073279603,0.0045130122,0.0029457177,0.0017508253
SPRR2D high Squamous Cells,0.013212061,0.18238257,0.16601764,0.050102577,0.09538995,0.0035897803,0.035649985,0.118349865,0.2832895,0.30872783,0.08854352,0.045004554,0.322825,0.09899986,0.06728382,0.20771259,0.08106606,0.09222606,0.0064703766,0.094920665,0.1608597,0.0029647206,0.2305438,0.24687567,0.17439005,0.07398212,0.0025112645,0.03489071,0.024439892,0.2919773,0.013109002,0.10459639,0.045191735,0.024134312,0.12858306,0.087576695,0.15997796,0.11147877,0.17783985,0.07598073,0.025034033,0.0856658,0.12391333,0.0025606365,0.002755728,0.0037287893,0.021114226,0.0031588534,0.04490677,0.025636084,0.034682915,0.051078513,0.08692455,0.0022981977,0.003198399,0.0035682102,0.004510354,0.0014090212,0.0008237465
VEGFA high Squamous Cells,0.011167845,0.22676203,0.21476194,0.046551235,0.09783102,0.0017089988,0.028170334,0.1264729,0.3046668,0.32640284,0.11456337,0.05116108,0.35939163,0.080597445,0.084656976,0.24329056,0.0874808,0.08607423,0.004087021,0.13072225,0.20149669,0.0015765472,0.29241425,0.2559636,0.22082263,0.07332221,0.0012954961,0.03045147,0.016298115,0.31063738,0.0068713455,0.16499628,0.06469735,0.03388387,0.15096273,0.096544035,0.170755,0.1131496,0.17659882,0.07667038,0.02440495,0.0895326,0.12484616,0.0013066247,0.001963865,0.0024417387,0.017143449,0.0014499868,0.04057105,0.024042072,0.038546085,0.035530023,0.07655713,0.0016245526,0.0037285069,0.0017002707,0.007179454,0.00079449243,0.00056188356
